0,1,2,3,4,5,6,7,8,9,10,11,12,13,14,15,16,17,18,19
1,"Nikola Jokic
Den
C",,,35.1,10.4,17.7,4.7,5.8,1.0,12.7,9.2,1.4,0.8,3.3,26.7,99.9,0,4862,63.1
2,"Victor Wembanyama
DTD
SA
C",,,33.4,9.2,18.8,4.8,5.8,2.1,12.0,4.4,1.8,4.3,4.1,25.4,99.9,0,4418,63.1
3,"Luka Doncic
DTD
Dal
PG",,,37.0,11.2,23.1,6.9,8.9,3.7,9.1,9.3,1.4,0.5,4.0,33.1,99.9,0,4423,61.4
4,"Shai Gilgeous-Alexander
OKC
PG",,,34.8,11.2,21.1,8.1,9.3,1.4,5.6,6.8,2.0,0.9,2.3,32.0,99.9,0,4421,59.7
5,"Giannis Antetokounmpo
DTD
Mil
PF, C",,,35.4,11.6,19.5,7.5,11.4,0.6,11.9,6.5,1.1,1.1,3.6,31.3,99.9,0,4076,58.2
6,"Domantas Sabonis
Sac
C, PF",,,36.1,7.7,13.0,3.7,5.2,0.4,13.6,8.0,0.9,0.6,3.3,19.6,99.9,0,4004,50.1
7,"Tyrese Haliburton
Ind
PG, SG",,,34.8,7.7,16.1,3.0,3.5,3.0,4.2,11.5,1.4,0.7,2.5,21.4,99.9,0,3770,53.9
8,"Anthony Davis
DTD
LAL
C, PF",,,35.9,9.6,17.2,5.7,7.0,0.4,12.7,3.4,1.2,2.3,2.1,25.2,99.9,0,3548,55.4
9,"Ja Morant
Mem
PG",,,36.2,10.8,22.5,6.5,8.6,1.7,6.4,8.4,1.2,0.4,3.8,29.7,99.7,+0.1,3523,50.3
10,"Jayson Tatum
Bos
PF, SF",,,36.0,9.2,19.7,5.9,7.0,3.1,8.2,4.8,1.0,0.6,2.6,27.5,99.9,0,3590,47.2
11,"Anthony Edwards
DTD
Min
SG, SF",,,36.8,10.0,21.7,5.8,7.1,2.8,5.7,5.1,1.4,0.6,3.2,28.6,99.9,0,3576,45.8
12,"Trae Young
DTD
Atl
PG",,,36.2,8.4,19.3,7.0,8.0,3.0,3.0,10.7,1.3,0.2,4.3,26.7,99.7,0,3355,47.9
13,"LeBron James
DTD
LAL
SF, PF",,,35.2,9.8,18.4,4.3,5.7,2.1,7.4,8.0,1.2,0.6,3.4,26.0,99.9,0,3362,51.7
14,"Jalen Brunson
NY
PG",,,35.8,10.2,21.2,5.4,6.4,2.7,3.7,6.7,0.9,0.2,2.4,28.4,99.8,0,3492,45.9
15,"Donovan Mitchell
Cle
SG, PG",,,36.1,9.6,20.5,4.9,5.7,3.5,4.9,5.7,1.7,0.5,2.9,27.5,99.8,+0.1,3373,48.2
16,"Joel Embiid
DTD
Phi
C",,,34.4,11.3,21.3,10.2,11.8,1.3,11.0,5.1,1.1,1.7,3.7,34.1,99.8,0,3604,60.1
17,"De'Aaron Fox
DTD
Sac
PG",,,36.2,9.8,20.7,4.4,5.9,2.6,4.6,5.8,1.9,0.4,2.7,26.6,99.6,0,3352,46.6
18,"Devin Booker
Phx
PG, SG",,,36.6,10.0,20.3,6.3,7.1,2.4,4.6,6.5,0.9,0.4,2.7,28.6,99.9,0,3306,47.2
19,"Pascal Siakam
Ind
PF",,,34.3,8.7,16.5,3.9,5.3,1.1,7.3,4.6,0.8,0.4,1.9,22.4,99.1,+0.3,3155,40.4
20,"Kevin Durant
Phx
PF",,,36.5,9.8,18.8,4.8,5.6,2.2,6.5,5.0,0.9,1.2,3.2,26.7,99.9,0,3132,47.5
21,"Zion Williamson
DTD
NO
PF",,,33.7,10.3,17.8,5.8,8.2,0.3,6.3,5.3,1.2,0.7,3.0,26.6,98.9,+0.4,2923,45.7
22,"Scottie Barnes
Tor
SF, SG, PF",,,36.3,7.5,15.8,3.2,4.1,1.6,8.3,6.0,1.3,1.4,2.7,19.7,99.7,+0.1,3164,45.2
23,"Karl-Anthony Towns
NY
C, PF",,,34.9,8.3,16.4,4.5,5.2,2.3,10.7,3.5,0.8,1.2,3.1,23.4,99.6,+0.2,3129,44.7
24,"LaMelo Ball
Cha
PG",,,34.3,8.0,18.8,3.4,3.9,3.3,6.5,8.2,1.7,0.3,3.6,22.7,98.9,+0.7,3065,46.4
25,"Tyrese Maxey
Phi
PG, SG",,,36.6,8.8,19.4,4.4,5.1,2.9,3.6,5.9,1.0,0.4,1.6,24.9,99.6,+0.1,3101,43.1
26,"Alperen Sengun
Hou
C",,,33.7,8.0,15.0,3.8,5.5,0.5,9.8,4.9,1.2,0.9,2.8,20.4,98.8,+0.4,3076,42.7
27,"Paolo Banchero
Orl
PF, SF",,,35.9,8.5,18.7,5.8,7.9,1.7,7.1,5.3,0.9,0.8,3.1,24.6,99.7,+0.1,3105,40.9
28,"James Harden
DTD
LAC
PG, SG",,,34.7,5.2,12.0,4.5,5.1,2.6,5.3,8.9,1.1,0.7,2.7,17.4,99.0,+0.4,3065,42.6
29,"Nikola Vucevic
Chi
C",,,34.1,7.6,15.5,1.4,1.7,1.3,10.7,3.3,0.7,0.8,1.6,17.9,97.0,+0.7,3013,38.6
30,"Stephen Curry
DTD
GS
PG",,,32.4,8.7,19.1,4.1,4.4,4.7,4.7,5.3,0.8,0.4,2.9,26.2,99.8,0,3108,43.2
31,"Cade Cunningham
Det
PG, SG",,,34.9,9.1,19.9,3.9,4.4,2.3,5.2,7.8,1.0,0.4,3.6,24.4,98.7,+0.8,3053,43.6
32,"DeMar DeRozan
DTD
Sac
SF, PF",,,33.6,8.2,16.6,6.0,6.9,0.7,4.2,4.7,1.0,0.4,1.8,23.1,99.1,+0.1,2952,38.3
33,"Damian Lillard
DTD
Mil
PG",,,35.6,7.8,18.1,6.9,7.5,3.2,4.4,7.0,0.9,0.3,2.8,25.7,99.6,0,3040,43.4
34,"Kyrie Irving
Dal
PG, SG",,,34.5,9.5,19.2,3.3,3.6,2.9,4.9,5.1,1.2,0.5,1.8,25.2,99.6,+0.1,2943,46.0
35,"Desmond Bane
Mem
SG, SF",,,34.9,8.6,18.3,3.2,3.7,3.3,4.8,5.1,1.1,0.5,2.5,23.7,97.4,+1.2,2879,41.7
36,"Chet Holmgren
OKC
C",,,31.1,6.5,12.3,2.8,3.5,1.7,8.4,2.6,0.7,2.4,1.7,17.5,99.5,+0.1,3005,41.7
37,"Dejounte Murray
DTD
NO
SG, PG",,,33.6,7.6,16.6,2.1,2.6,2.1,5.2,6.2,1.4,0.3,2.4,19.4,98.8,+0.1,2981,39.2
38,"Bam Adebayo
DTD
Mia
C",,,34.9,7.8,14.7,4.3,5.6,0.2,10.4,3.8,1.2,1.2,2.4,20.0,99.3,0,3054,42.4
39,"Lauri Markkanen
Utah
PF, SF",,,34.1,8.0,16.6,4.7,5.2,3.2,8.3,2.0,0.9,0.5,1.5,23.8,98.4,+0.8,2855,40.8
40,"Jamal Murray
Den
PG",,,32.3,7.9,16.7,2.7,3.2,2.5,4.1,6.5,1.0,0.5,2.2,21.0,98.0,+0.3,2824,40.9
41,"Jaylen Brown
Bos
SF, SG",,,34.0,9.2,18.5,3.2,4.5,2.2,5.8,3.5,1.2,0.5,2.5,23.8,99.7,+0.1,2897,39.1
42,"Jalen Williams
DTD
OKC
PF",,,33.2,7.6,14.2,2.6,3.2,1.5,4.3,4.6,1.3,0.8,1.8,19.3,97.0,+0.7,2850,39.6
43,"Jalen Green
Hou
SG",,,34.0,8.7,19.4,4.2,5.1,3.1,5.0,3.7,0.8,0.5,2.5,24.7,98.4,+0.3,2957,37.4
44,"Julius Randle
DTD
Min
PF",,,35.8,8.1,18.2,4.9,6.4,2.1,9.8,4.8,0.7,0.6,3.2,23.3,92.9,+3.9,2764,40.1
45,"Rudy Gobert
DTD
Min
C",,,33.2,5.3,8.0,3.4,5.2,0.0,12.8,1.3,0.7,2.0,1.6,14.0,94.6,+2.2,2798,37.8
46,"Paul George
O
Phi
SF, PF",,,33.1,7.7,16.6,3.7,4.1,3.1,5.3,3.8,1.5,0.5,2.3,22.2,97.7,-0.3,2690,40.1
47,"Miles Bridges
Cha
SF, PF",,,36.8,7.9,16.8,2.8,3.4,2.2,7.2,3.5,0.9,0.6,2.0,20.8,92.1,+3.9,2778,37.5
48,"Jalen Johnson
DTD
Atl
PF",,,34.9,6.6,12.9,2.0,2.7,1.3,9.0,3.7,1.2,0.9,1.8,16.4,86.5,+7.5,2692,38.5
49,"Evan Mobley
Cle
PF, C",,,32.0,6.4,11.4,2.5,3.6,0.4,9.1,3.0,0.9,1.5,1.8,15.7,93.2,+2,2551,37.5
50,"Coby White
Chi
PG, SG",,,36.7,7.7,17.2,3.0,3.6,2.7,4.5,5.1,0.7,0.2,2.1,21.1,90.9,+3.5,2799,35.4
51,"Jimmy Butler
DTD
Mia
SF, SG, PF",,,33.5,6.7,13.3,6.7,7.8,0.8,5.4,5.0,1.4,0.3,1.7,21.0,95.8,+2.3,2579,39.7
52,"D'Angelo Russell
DTD
LAL
PG, SG",,,33.4,6.5,14.4,2.2,2.7,3.0,3.2,6.5,0.9,0.3,2.2,18.3,91.5,+2,2713,36.2
53,"Anfernee Simons
Por
SG, PG",,,35.2,9.1,20.3,3.9,4.3,3.6,3.6,5.5,0.5,0.1,2.7,25.8,86.4,+4.3,2589,38.6
54,"Cam Thomas
Bkn
SG",,,34.0,9.3,20.6,5.6,6.5,2.6,3.5,3.1,0.7,0.3,2.0,26.9,88.2,+3.4,2578,36.3
55,"Immanuel Quickley
Tor
PG, SG",,,35.1,6.7,15.5,3.6,4.2,3.0,4.6,5.6,0.9,0.2,1.8,20.0,87.3,+3.3,2651,36.8
56,"Kyle Kuzma
Wsh
PF, SF",,,33.4,8.7,18.9,2.7,3.5,2.2,6.9,4.3,0.5,0.7,2.8,22.4,88.9,+3,2631,37.1
57,"Mikal Bridges
NY
SF, SG",,,35.1,6.5,14.0,2.9,3.4,2.1,4.4,3.1,1.1,0.8,1.5,18.1,95.2,+0.3,2784,34.0
58,"Fred VanVleet
Hou
PG",,,32.9,5.4,13.1,2.6,3.0,2.8,3.5,6.9,1.3,0.4,1.7,16.1,87.8,+3.1,2610,36.8
59,"Franz Wagner
Orl
SF, PF",,,33.7,7.5,15.6,3.8,4.5,1.4,5.4,3.8,1.1,0.6,2.0,20.2,92.2,+1.2,2636,36.1
60,"Myles Turner
Ind
C",,,28.1,6.4,12.1,3.3,4.2,1.6,7.2,1.3,0.5,2.0,1.5,17.6,89.2,+3.2,2637,35.6
61,"Michael Porter Jr.
Den
SF",,,32.3,7.1,14.6,1.7,2.1,3.1,6.9,1.5,0.6,0.6,1.2,19.0,85.3,+4.4,2388,33.6
62,"Zach LaVine
Chi
SG, SF",,,35.6,8.5,17.8,4.7,5.5,2.7,4.6,4.4,0.8,0.3,2.5,24.4,89.7,+3,2492,38.3
63,"Jarrett Allen
Cle
C",,,32.5,6.2,9.6,2.6,3.6,0.0,10.1,1.9,0.8,1.2,1.5,15.0,87.7,+2.9,2609,35.7
64,"Kristaps Porzingis
O
Bos
C, PF",,,30.3,7.0,13.9,4.8,5.6,1.9,7.5,2.2,0.8,1.8,1.7,20.8,87.1,+1.1,2374,40.9
65,"Jaren Jackson Jr.
O
Mem
C, PF",,,30.9,7.3,16.2,4.7,5.8,1.7,5.8,1.9,1.1,1.9,2.2,21.0,91.0,+1.7,2495,37.2
66,"Darius Garland
Cle
PG",,,34.1,7.0,15.4,3.0,3.5,2.4,2.7,7.1,1.3,0.1,3.1,19.3,88.1,+2.3,2548,35.9
67,"Brandon Ingram
NO
SF",,,32.8,7.9,16.3,4.1,5.0,1.3,5.1,5.6,0.7,0.6,2.6,21.3,89.7,+1.6,2445,37.6
68,"CJ McCollum
NO
SG, PG",,,31.4,7.1,15.6,1.8,2.3,3.2,4.1,4.6,0.9,0.5,1.8,19.2,86.8,+2.5,2502,35.7
69,"Jonas Valanciunas
Wsh
C",,,27.2,5.8,10.3,2.3,2.9,0.5,10.2,2.4,0.5,0.9,1.6,14.3,83.6,+2.5,2663,32.9
70,"Jrue Holiday
Bos
PG, SG",,,33.1,5.6,11.5,1.3,1.5,2.1,5.3,5.6,1.0,0.7,2.1,14.4,89.9,+1.7,2518,35.0
71,"Devin Vassell
O
SA
SG, SF",,,33.5,7.4,15.7,2.4,3.0,2.5,3.9,4.1,1.1,0.4,1.6,19.6,80.5,+2.2,2480,35.4
72,"Bradley Beal
Phx
SF, SG",,,33.6,7.6,15.0,2.6,3.1,1.8,4.3,5.2,1.0,0.5,2.6,19.5,83.6,+3.7,2371,36.5
73,"Derrick White
Bos
SG, PG",,,31.3,5.0,10.9,2.0,2.2,2.4,4.0,4.9,0.9,0.9,1.5,14.3,90.0,+1.7,2515,33.5
74,"Nic Claxton
DTD
Bkn
C",,,30.9,5.4,8.4,1.7,3.0,0.0,10.1,2.1,0.7,2.1,1.3,12.5,84.8,+1.2,2628,36.5
75,"Daniel Gafford
Dal
C",,,25.4,4.8,6.7,1.8,2.6,0.0,7.6,1.5,0.8,2.0,1.1,11.4,75.6,+8.1,2523,33.2
76,"Brandon Miller
Cha
SF, SG",,,34.0,7.8,17.2,2.4,2.9,3.2,4.5,2.5,0.9,0.6,1.9,21.2,87.2,+2.9,2477,33.9
77,"Austin Reaves
LAL
SG, SF",,,33.9,5.7,11.7,3.1,3.6,1.9,4.4,5.5,0.8,0.3,2.2,16.4,88.3,+0.9,2507,33.0
78,"Jalen Duren
Det
C",,,30.7,5.6,9.0,2.3,3.1,0.0,11.9,2.2,0.6,0.9,2.1,13.6,80.8,+3.5,2388,33.2
79,"Collin Sexton
Utah
SG, PG",,,27.3,6.6,13.6,4.2,4.9,1.6,2.7,5.0,0.8,0.2,2.2,19.1,78.6,+3.4,2371,32.0
80,"Josh Giddey
DTD
Chi
SG, SF",,,28.9,5.9,12.4,1.3,1.7,1.1,7.3,5.6,0.7,0.5,2.5,14.2,85.6,+0.5,2442,32.6
81,"Terry Rozier
DTD
Mia
PG, SG",,,30.8,6.7,15.3,2.5,2.9,2.3,3.7,4.9,1.0,0.3,1.6,18.2,77.1,+2.2,2353,33.6
82,"Mark Williams
O
Cha
C",,,28.9,5.6,8.6,2.6,3.6,0.0,10.5,1.2,0.9,1.2,1.0,13.7,63.0,+3.2,2273,34.4
83,"Malcolm Brogdon
O
Wsh
PG, SG",,,31.9,6.4,13.9,3.1,3.6,2.2,4.8,5.3,0.8,0.3,1.8,18.0,59.2,+2.9,2252,34.6
84,"Jusuf Nurkic
Phx
C",,,27.9,4.6,8.9,2.4,3.7,0.4,10.9,3.8,1.1,1.0,2.4,12.0,76.2,+3.1,2305,33.4
85,"Tobias Harris
Det
PF, SF",,,32.9,6.3,12.8,2.4,2.7,1.3,6.2,2.9,0.9,0.6,1.3,16.2,80.0,+2.1,2364,32.4
86,"Zach Edey
Mem
C",,,25.9,6.1,10.9,2.2,3.1,0.0,6.7,1.1,0.7,1.6,1.6,14.4,69.0,+18.2,2079,29.7
87,"Tyler Herro
DTD
Mia
SG, PG",,,33.8,7.6,17.2,2.5,2.8,3.1,5.3,4.3,0.7,0.1,2.3,20.7,83.0,+2,2371,33.9
88,"Amen Thompson
Hou
SF, PF",,,28.1,4.8,9.0,2.2,3.1,0.4,8.3,3.3,1.6,0.8,1.8,12.1,79.3,+2.7,2308,33.0
89,"Jakob Poeltl
Tor
C",,,27.4,5.3,8.1,1.3,2.3,0.0,9.0,2.7,0.7,1.5,1.6,11.8,67.7,+2.7,2257,33.2
90,"RJ Barrett
DTD
Tor
SF, SG",,,34.2,7.9,16.4,3.9,5.4,1.7,5.8,3.4,0.6,0.4,2.3,21.4,78.1,+2,2271,32.9
91,"Bogdan Bogdanovic
DTD
Atl
SG, SF",,,31.8,6.2,14.3,1.9,2.1,3.1,3.6,3.3,1.2,0.3,1.4,17.4,76.7,+2.5,2347,31.7
92,"Kawhi Leonard
O
LAC
SF, PF",,,33.3,8.7,16.6,3.9,4.4,2.0,6.1,3.6,1.5,0.8,1.7,23.2,93.5,-4.8,2225,44.5
93,"Klay Thompson
Dal
SG, SF",,,33.1,7.2,16.6,1.8,2.0,3.9,3.7,2.5,0.7,0.5,1.7,20.2,82.5,+1.9,2326,31.9
94,"Deandre Ayton
DTD
Por
C",,,28.8,7.1,12.2,1.3,1.7,0.0,9.8,1.5,0.8,0.7,1.6,15.5,71.5,+1.1,2099,32.8
95,"Keegan Murray
Sac
PF, SF",,,33.2,5.4,12.0,1.2,1.5,2.5,5.3,1.6,1.0,0.7,0.8,14.6,81.4,+0.1,2298,29.5
96,"Buddy Hield
GS
SG, SF",,,30.1,5.3,12.2,1.0,1.1,3.2,4.0,3.1,1.0,0.5,1.5,14.8,76.0,+7.9,2420,29.5
97,"Grayson Allen
DTD
Phx
SG, PG",,,34.1,4.6,9.4,1.8,2.0,2.8,4.0,2.9,1.0,0.5,1.2,13.6,57.9,+8.9,2166,29.3
98,"Josh Hart
NY
SF, SG",,,34.1,3.9,8.5,1.4,1.8,1.0,8.4,4.1,1.0,0.6,1.6,10.1,76.3,+4.3,2293,29.8
99,"Khris Middleton
O
Mil
SF",,,29.0,6.2,13.0,2.3,2.7,1.9,5.0,5.6,1.0,0.3,2.5,16.6,66.6,+0.4,2105,34.0
100,"Clint Capela
DTD
Atl
C",,,25.4,4.8,8.2,1.5,2.5,0.0,10.5,1.1,0.6,1.4,0.9,11.2,66.0,-2.2,2263,30.6
101,"Jaime Jaquez Jr.
Mia
SF, SG",,,32.0,5.9,12.0,2.7,3.3,1.3,4.3,3.0,1.2,0.6,1.7,15.8,61.9,+11.3,2254,30.5
102,"Jonathan Kuminga
GS
PF",,,29.6,6.6,12.6,3.1,4.3,0.9,5.3,2.4,0.8,0.8,1.9,17.3,77.1,+1.4,2254,30.5
103,"Aaron Gordon
Den
PF",,,31.2,5.6,10.2,2.5,3.8,0.7,6.4,3.3,0.8,0.6,1.5,14.4,71.0,+1.2,2252,30.4
104,"Trayce Jackson-Davis
GS
PF, C",,,24.7,5.2,7.2,1.7,2.9,0.0,7.4,1.8,0.6,1.7,1.1,12.0,60.1,+8.2,2298,31.9
105,"Tyus Jones
Phx
PG",,,27.3,4.6,9.6,0.6,0.8,1.5,2.6,6.6,1.0,0.2,0.9,11.3,61.4,-1.7,2168,31.0
106,"Deni Avdija
Por
SF, PF",,,29.7,5.2,10.4,2.6,3.5,1.1,7.1,3.7,0.8,0.5,2.1,14.1,63.9,+5.9,2240,29.9
107,"Reed Sheppard
Hou
SG",,,28.6,5.1,11.1,2.5,2.9,2.1,3.2,4.6,1.1,0.5,1.8,14.8,58.8,+9,2154,30.8
108,"Russell Westbrook
Den
PG",,,28.3,5.6,12.6,2.3,3.4,0.9,6.1,6.1,1.2,0.4,2.9,14.5,70.0,+5.1,2323,31.8
109,"Walker Kessler
Utah
C",,,24.5,3.9,5.8,1.0,1.8,0.0,8.3,1.0,0.5,2.5,1.0,8.9,63.5,-1,2133,30.5
110,"Jerami Grant
Por
PF",,,33.5,6.9,15.1,4.6,5.6,2.1,3.7,2.6,0.8,0.7,2.0,20.4,64.9,+2.5,2102,30.9
111,"Bobby Portis
DTD
Mil
PF",,,26.0,5.9,11.7,1.3,1.6,1.4,8.2,1.3,0.8,0.4,1.2,14.4,64.5,-2.8,2266,28.7
112,"P.J. Washington
Dal
PF",,,33.3,5.3,12.2,1.5,2.2,2.0,6.1,2.2,1.1,0.9,1.5,14.2,56.9,+7.3,2181,29.5
113,"Brook Lopez
DTD
Mil
C",,,29.7,4.9,9.8,1.5,1.8,1.8,5.4,1.5,0.5,2.3,1.1,13.0,70.8,-2.9,2289,31.8
114,"John Collins
Utah
PF",,,28.2,5.8,10.9,2.1,2.7,1.2,8.3,1.2,0.6,0.9,1.4,14.9,58.3,-0.1,2111,30.2
115,"Donte DiVincenzo
DTD
Min
SG",,,30.2,5.3,12.0,1.1,1.4,3.3,4.1,3.0,1.4,0.4,1.5,15.0,74.6,+6.1,2311,30.8
116,"Jabari Smith Jr.
Hou
PF, C",,,32.7,5.0,11.4,2.1,2.6,1.8,8.1,1.5,0.7,0.9,1.3,13.9,72.4,-1.1,2210,28.7
117,"Caris LeVert
Cle
SG, SF",,,29.3,5.1,11.9,2.2,2.9,1.6,4.0,4.8,1.1,0.5,1.7,13.9,53.4,+2.5,2130,29.6
118,"Naz Reid
DTD
Min
C, PF",,,25.7,5.4,11.2,1.5,2.1,2.1,5.8,1.4,0.8,1.0,1.5,14.5,74.8,+1.9,2216,28.4
119,"Dennis Schroder
Bkn
PG",,,31.3,5.0,11.5,2.4,2.9,1.6,3.0,5.8,0.8,0.2,1.9,14.0,53.5,+3.2,2211,28.3
120,"Draymond Green
GS
PF, C",,,27.5,3.3,6.4,1.0,1.4,0.8,7.0,6.1,1.0,0.8,2.5,8.3,60.5,+1.1,2046,30.1
121,"OG Anunoby
NY
SF, PF",,,33.6,5.6,11.5,1.4,1.8,2.0,4.2,2.1,1.4,0.7,1.6,14.6,68.0,+3.1,1943,29.4
122,"Mike Conley
DTD
Min
PG",,,27.2,3.7,8.3,1.4,1.6,2.1,2.7,5.6,1.1,0.2,1.3,11.0,49.3,-1.5,2116,28.6
123,"Stephon Castle
SA
PG",,,28.9,5.5,11.9,2.8,3.7,1.1,3.1,3.7,1.4,0.8,2.1,14.9,42.5,+10.8,2045,29.2
124,"Ausar Thompson
O
Det
SF, PF",,,29.5,4.4,8.9,1.4,2.2,0.4,7.5,2.2,1.3,1.1,1.6,10.6,47.7,-0.5,2079,28.5
125,"Brandin Podziemski
GS
SG",,,29.3,4.1,8.9,0.8,1.2,1.4,6.4,4.1,0.9,0.4,1.3,10.5,38.8,+5.6,2102,28.0
126,"Jaden Ivey
Det
SG",,,31.8,5.9,13.8,3.4,4.5,1.7,3.8,4.6,0.8,0.5,2.9,16.8,52.4,+1.9,2112,27.8
127,"Isaiah Hartenstein
O
OKC
C",,,27.4,3.4,5.5,1.5,2.1,0.1,8.9,2.6,1.2,1.2,1.3,8.4,51.7,-6.8,1912,30.3
128,"Keldon Johnson
DTD
SA
SF",,,29.8,5.8,12.8,2.6,3.3,1.9,5.5,2.8,0.7,0.4,1.5,16.1,34.0,-1.9,2002,28.6
129,"Ivica Zubac
LAC
C",,,26.7,4.8,7.4,1.9,2.6,0.0,9.3,1.3,0.3,1.2,1.2,11.4,38.4,+2.9,2008,28.3
130,"Cameron Johnson
Bkn
SF, PF",,,30.5,5.3,11.7,1.8,2.2,2.7,4.8,2.4,1.0,0.3,1.0,15.0,33.5,+3.9,1962,28.9
131,"Jordan Poole
Wsh
SG, PG",,,27.8,5.8,14.0,2.5,2.8,2.2,2.5,4.1,1.0,0.3,2.3,16.3,71.3,-1.7,2109,27.0
132,"Donovan Clingan
Por
C",,,22.8,4.3,7.7,1.2,1.8,0.2,5.7,1.9,0.6,2.2,1.4,10.0,24.5,+8.6,1984,28.3
133,"Kelly Oubre Jr.
Phi
SF, SG",,,30.8,5.9,13.3,2.6,3.5,1.6,5.1,1.5,1.2,0.7,1.3,15.9,34.5,+6.2,1973,28.2
134,"Malik Monk
DTD
Sac
SG, SF",,,25.1,5.2,11.7,2.2,2.6,2.0,2.9,4.6,0.6,0.5,2.0,14.6,38.5,-0.1,2010,27.5
135,"Dereck Lively II
Dal
C",,,25.8,4.3,5.9,0.9,1.6,0.0,7.5,1.2,0.7,1.5,1.0,9.4,33.6,+4.5,1964,28.1
136,"Scoot Henderson
Por
PG",,,31.8,6.2,15.3,3.4,4.1,1.7,3.5,6.1,0.9,0.2,3.8,17.4,55.8,+0.8,1957,28.0
137,"Chris Paul
DTD
SA
PG",,,25.7,3.5,8.0,0.8,1.0,1.3,3.7,6.7,1.2,0.1,1.3,9.2,50.6,-2.4,1865,29.1
138,"Jeremy Sochan
DTD
SA
PF",,,31.9,5.1,11.5,1.6,2.2,0.9,6.8,3.5,0.9,0.6,2.1,12.8,16.1,+5.9,1950,27.5
139,"Ayo Dosunmu
Chi
SG",,,31.3,4.8,9.6,1.1,1.4,1.5,3.1,3.4,0.9,0.6,1.5,12.2,24.8,-3.6,2024,26.3
140,"Trey Murphy III
O
NO
SF, SG",,,28.5,4.6,10.1,2.0,2.4,2.7,4.3,1.8,0.9,0.5,0.6,13.8,27.6,-3,1916,27.4
141,"Herbert Jones
NO
SF, PF",,,30.3,3.8,7.7,1.8,2.1,1.3,3.7,2.5,1.4,0.8,1.2,10.7,28.5,+4.6,1971,26.6
142,"Marcus Smart
Mem
SG, PG",,,30.4,4.4,10.4,1.8,2.4,1.9,3.0,5.2,1.7,0.3,2.6,12.5,22.0,+6.8,1791,28.4
143,"Kelly Olynyk
DTD
Tor
C, PF",,,23.0,3.6,6.6,2.0,2.4,0.8,5.3,4.3,0.9,0.4,2.0,10.0,11.7,+2.2,1963,26.2
144,"Onyeka Okongwu
Atl
C",,,25.8,4.2,6.7,1.8,2.3,0.3,7.2,1.3,0.6,1.2,0.9,10.4,20.7,-4.1,1870,27.1
145,"Zaccharie Risacher
DTD
Atl
SF, PF",,,29.6,5.3,11.9,1.6,1.9,0.4,4.9,2.3,0.9,0.7,1.8,12.5,27.3,+7.1,1639,23.4
146,"Jordan Clarkson
Utah
SG",,,30.9,6.3,15.1,3.2,3.7,1.8,3.5,4.9,0.6,0.1,2.7,17.6,29.2,-2.7,1837,27.0
147,"Jalen Suggs
Orl
PG, SG",,,27.4,4.4,9.8,1.7,2.3,1.9,3.2,3.0,1.4,0.6,1.9,12.5,27.7,+5.9,1841,26.3
148,"Max Strus
O
Cle
SF, SG",,,31.1,4.3,10.3,1.1,1.3,2.5,4.4,3.4,0.8,0.3,1.4,12.2,11.4,+1,1888,25.5
149,"Wendell Carter Jr.
Orl
C",,,26.9,4.6,8.7,1.9,2.7,1.2,7.7,2.0,0.6,0.5,1.4,12.3,8.7,+3.8,1796,26.4
150,"Kentavious Caldwell-Pope
Orl
SG",,,31.4,3.7,8.1,1.4,1.6,1.7,2.6,2.4,1.3,0.5,1.0,10.5,11.0,+2.1,1818,23.9
151,"Bennedict Mathurin
Ind
SF, SG",,,30.3,5.8,13.1,3.9,4.7,1.5,4.6,2.2,0.7,0.4,1.9,17.1,17.6,+5.2,1816,25.9
152,"Andre Drummond
Phi
C",,,19.5,3.8,6.7,1.7,3.0,0.0,10.1,0.7,1.1,0.7,1.3,9.3,16.1,+6.7,1899,25.0
153,"Bojan Bogdanovic
O
Bkn
PF, SF",,,30.2,6.4,13.8,2.9,3.5,2.6,3.4,2.0,0.6,0.1,2.0,18.2,7.5,+1.9,1777,25.4
154,"De'Anthony Melton
GS
PG, SG",,,26.6,3.7,9.2,1.4,1.7,2.0,3.9,2.8,1.6,0.5,1.2,10.7,10.2,+2.8,1771,26.0
155,"Kel'el Ware
Mia
C",,,22.1,4.5,7.9,2.1,2.9,0.5,5.2,0.9,0.8,1.3,1.1,11.7,7.1,+2,1800,25.7
156,"Alex Caruso
OKC
SG, PG",,,26.0,3.0,6.5,0.9,1.2,1.6,3.4,3.2,1.5,0.8,1.3,8.5,30.6,+3.8,1797,25.7
157,"Shaedon Sharpe
O
Por
SG, SF",,,34.4,5.7,13.9,3.0,3.7,1.9,5.1,2.9,0.9,0.4,2.3,16.4,29.8,-7.8,1846,26.8
158,"Jalen Smith
Chi
PF, C",,,21.5,4.6,8.2,1.6,2.2,1.1,6.9,1.2,0.4,0.8,1.0,11.8,5.9,+1.7,1802,25.4
159,"Matas Buzelis
Chi
SF",,,28.3,5.0,10.9,1.6,1.9,0.4,4.8,2.7,1.1,0.7,1.6,12.0,9.1,+1.7,1778,25.4
160,"Gary Trent Jr.
Mil
SG",,,29.5,5.4,12.7,1.5,1.8,2.6,2.6,1.7,1.2,0.3,0.7,14.8,7.8,+2.5,1805,25.8
161,"Al Horford
Bos
C, PF",,,25.9,3.2,6.3,0.4,0.5,1.6,6.1,2.5,0.6,0.9,0.7,8.4,16.0,+3.3,1727,25.8
162,"Norman Powell
LAC
SG, SF",,,29.2,5.6,11.6,2.4,2.9,2.4,2.9,1.3,0.7,0.3,1.1,16.0,11.9,+5.2,1817,24.9
163,"Tre Jones
SA
PG",,,23.8,3.4,6.8,1.2,1.4,0.7,3.2,5.3,0.9,0.1,1.3,8.7,12.1,-3.4,1856,24.4
164,"Andrew Wiggins
GS
SF, PF",,,28.2,5.4,11.7,1.9,2.6,1.5,4.6,1.8,0.7,0.6,1.3,14.1,19.4,+3.5,1757,24.7
165,"T.J. McConnell
Ind
PG",,,18.7,4.5,8.1,0.7,0.9,0.3,2.8,5.5,1.0,0.1,1.6,10.0,7.4,+1,1818,26.0
166,"Cole Anthony
Orl
PG",,,23.8,4.3,9.9,2.3,2.8,1.2,4.1,3.3,0.8,0.4,1.6,12.2,5.9,+0.8,1795,23.9
167,"Alex Sarr
DTD
Wsh
C, PF",,,26.7,4.1,9.1,2.4,3.2,0.9,6.4,1.1,0.7,1.4,1.7,11.6,24.6,+0.7,1717,24.5
168,"Aaron Nesmith
Ind
SF",,,27.4,4.3,8.8,1.5,1.9,1.9,3.8,1.5,0.9,0.6,0.9,11.9,4.9,+1.1,1762,24.1
169,"Rui Hachimura
LAL
PF, SF",,,27.1,5.3,10.1,1.5,2.0,1.4,4.5,1.2,0.6,0.4,0.7,13.6,15.5,+3.8,1716,24.5
170,"Terance Mann
LAC
SG, SF",,,31.3,4.4,8.5,1.4,1.7,1.2,4.5,2.3,0.7,0.3,0.9,11.3,8.7,+2.5,1819,23.6
171,"Taylor Hendricks
Utah
PF",,,28.1,3.6,7.9,0.8,1.0,1.8,6.1,1.1,0.9,1.0,0.9,9.7,6.7,+2.8,1668,24.5
172,"Nick Richards
Cha
C",,,25.5,3.8,5.6,2.1,2.8,0.0,7.9,0.8,0.4,1.1,1.1,9.7,4.1,+1.3,1697,24.2
173,"Spencer Dinwiddie
Dal
PG, SG",,,26.5,3.5,8.6,2.3,2.8,1.6,2.7,4.6,0.6,0.3,1.2,10.9,5.6,+0.5,1784,23.5
174,"Scotty Pippen Jr.
Mem
PG",,,21.3,4.0,8.2,1.7,2.3,1.2,2.7,3.9,1.5,0.4,2.2,10.9,5.1,+1.4,1556,25.1
175,"Kyle Anderson
GS
SF, PF",,,23.5,2.8,5.9,1.3,1.8,0.3,4.0,4.2,1.0,0.7,1.2,7.1,3.7,+0.5,1767,23.3
176,"Paul Reed
Det
C, PF",,,18.1,2.9,5.4,0.7,1.0,0.2,5.6,1.2,0.8,1.0,0.8,6.8,2.0,+0.5,1564,20.9
177,"Corey Kispert
DTD
Wsh
SF, SG",,,27.5,5.0,10.3,1.5,2.0,2.4,3.0,2.0,0.5,0.2,1.2,13.9,5.4,+1.2,1805,22.8
178,"Keyonte George
Utah
PG, SG",,,28.6,4.8,11.5,2.7,3.1,2.1,3.0,4.7,0.5,0.1,2.7,14.4,19.2,+3.1,1693,23.5
179,"Harrison Barnes
SA
PF",,,30.7,4.4,9.4,3.0,3.6,1.8,3.8,1.5,0.7,0.1,0.9,13.6,8.4,+1,1821,22.5
180,"Steven Adams
Hou
C",,,22.7,2.5,4.5,1.2,2.3,0.0,8.8,2.8,0.7,0.7,1.3,6.2,3.5,+1.3,1648,22.9
181,"Andrew Nembhard
Ind
PG, SG",,,27.8,4.2,8.6,0.7,0.9,1.0,2.4,4.6,1.0,0.1,1.7,10.2,6.0,+1.6,1647,23.5
182,"Grant Williams
Cha
PF",,,30.4,3.8,8.2,1.5,1.9,1.8,4.7,2.3,0.6,0.6,1.4,10.8,3.1,+0.8,1749,22.7
183,"Vince Williams Jr.
O
Mem
SG, PG",,,26.6,3.1,7.1,1.8,2.3,1.4,5.3,3.2,0.9,0.6,1.7,9.5,2.5,+0.6,1579,23.9
184,"Robert Williams III
O
Por
C",,,20.6,3.1,4.2,0.7,1.0,0.0,7.0,1.3,0.6,1.3,0.8,6.9,2.1,+0.3,1525,24.2
185,"Royce O'Neale
Phx
SF",,,26.7,2.8,6.9,0.4,0.6,1.9,4.8,2.9,0.8,0.6,1.0,7.9,3.0,+0.4,1751,22.4
186,"Kevin Huerter
DTD
Sac
SG, SF",,,25.3,4.2,9.2,0.7,0.9,2.0,3.4,2.6,0.8,0.3,0.9,11.1,12.4,-7.6,1627,23.2
187,"Patrick Williams
DTD
Chi
PF",,,30.6,4.2,9.3,1.3,1.7,1.5,4.3,1.7,1.0,0.9,1.5,11.2,3.4,+1,1560,23.6
188,"Duncan Robinson
DTD
Mia
SF",,,29.3,4.6,10.4,1.2,1.3,2.9,2.7,2.7,0.7,0.2,1.4,13.2,3.3,+0.5,1648,23.5
189,"Isaiah Stewart
Det
C, PF",,,29.6,3.9,8.2,1.5,2.0,1.3,7.2,1.5,0.4,0.8,1.4,10.6,3.1,+0.8,1561,23.3
190,"Luguentz Dort
OKC
SG, SF",,,28.9,3.9,9.3,1.9,2.4,1.9,3.8,1.6,0.9,0.5,1.0,11.7,7.0,+1,1681,22.4
191,"Bruce Brown
O
Tor
SG, SF",,,26.7,4.0,8.3,1.6,2.0,0.8,4.1,2.8,0.9,0.3,1.2,10.4,1.8,+0.1,1604,22.6
192,"Kevin Porter Jr.
DTD
LAC
SG",,,23.2,4.2,9.9,1.7,2.5,1.8,3.3,4.4,0.9,0.3,2.3,11.9,7.9,+4,1466,23.6
193,"Santi Aldama
Mem
PF, C",,,24.6,3.7,8.4,1.0,1.5,1.5,5.4,1.9,0.6,0.8,1.0,9.9,3.1,+0.8,1567,22.7
194,"Jaden McDaniels
DTD
Min
SF",,,30.3,4.4,9.0,0.9,1.3,1.3,3.5,1.5,0.9,0.7,1.3,11.1,10.5,+0.3,1624,22.2
195,"Bilal Coulibaly
DTD
Wsh
SF",,,30.4,3.4,7.6,1.6,2.3,1.2,4.5,2.1,1.0,0.8,1.5,9.6,3.6,+0.9,1550,22.1
196,"Payton Pritchard
Bos
PG",,,21.6,3.5,7.6,0.6,0.7,1.8,3.1,3.3,0.5,0.1,0.7,9.4,7.6,+2.2,1680,21.3
197,"Obi Toppin
DTD
Ind
PF",,,20.2,3.8,6.9,0.9,1.2,1.3,3.7,1.5,0.5,0.5,0.8,9.8,3.3,-0.2,1640,20.8
198,"Ron Holland II
Det
SF",,,24.9,4.1,9.2,1.0,1.3,0.2,5.7,1.6,0.9,0.9,1.1,9.5,3.0,+0.4,1564,22.3
199,"Rob Dillingham
Min
PG",,,16.8,3.5,8.2,1.0,1.4,1.0,1.9,2.7,0.7,0.1,1.6,9.0,17.2,+0.6,1095,15.6
200,"Mitchell Robinson
O
NY
C",,,21.4,2.4,3.7,0.8,1.8,0.0,7.3,0.6,0.9,1.2,0.7,5.5,2.6,-0.3,1096,21.1
201,"Tim Hardaway Jr.
Det
SG, SF",,,25.6,4.6,11.4,1.7,2.0,2.5,3.1,1.7,0.5,0.1,0.8,13.3,3.8,+0.2,1544,20.6
202,"Brandon Clarke
Mem
PF",,,19.5,4.2,6.5,1.6,2.3,0.0,5.5,1.3,0.6,0.8,0.8,10.1,1.6,+0.2,1531,23.6
203,"Derrick Jones Jr.
DTD
LAC
SF",,,27.6,3.7,7.5,1.6,2.2,1.2,4.1,1.1,0.8,0.8,1.0,10.1,1.6,+0.4,1527,21.2
204,"Tre Mann
Cha
PG",,,24.5,3.7,8.7,1.1,1.4,1.3,3.5,3.4,1.1,0.1,1.5,9.9,3.8,+0.9,1526,21.8
205,"Cam Whitmore
Hou
SF",,,21.3,5.2,11.3,1.9,2.7,1.9,4.4,0.8,0.7,0.4,1.1,14.3,4.1,+0.4,1523,22.7
206,"Cody Williams
Utah
SG",,,23.8,4.5,9.3,1.9,2.2,1.3,2.7,2.1,0.4,0.8,1.6,12.1,1.6,0,1484,21.2
207,"Dorian Finney-Smith
DTD
Bkn
PF, SF",,,29.3,3.2,7.6,0.6,0.8,1.8,4.7,1.6,0.9,0.5,0.9,8.8,1.2,0,1481,20.9
208,"De'Andre Hunter
DTD
Atl
SF, PF",,,27.3,4.9,10.6,2.5,3.0,1.7,3.6,1.3,0.6,0.3,1.3,13.9,2.9,+0.2,1478,21.4
209,"Caleb Martin
Phi
SG, SF",,,28.3,3.8,8.6,1.3,1.6,1.3,4.6,2.1,0.8,0.5,1.2,10.1,1.9,+0.2,1473,21.7
210,"Reggie Jackson
Phi
PG",,,22.1,4.0,9.4,1.0,1.2,1.3,2.0,3.6,0.5,0.1,1.4,10.2,1.1,-0.1,1472,18.6
211,"Luke Kennard
DTD
Mem
SG",,,25.1,3.6,7.8,0.9,1.0,2.6,2.9,2.8,0.5,0.1,1.2,10.7,1.0,-0.1,1471,21.0
212,"Tari Eason
Hou
SF",,,20.6,3.6,7.9,1.1,1.6,0.7,6.1,1.1,1.2,0.7,1.1,9.1,2.1,0,1455,22.4
213,"Moritz Wagner
Orl
C",,,17.8,4.0,6.9,2.1,2.6,0.6,4.3,1.3,0.5,0.3,1.2,10.7,1.5,+0.1,1445,19.5
214,"Peyton Watson
Den
SF",,,20.5,2.9,6.2,1.0,1.5,0.6,3.6,1.2,0.6,1.2,0.8,7.4,0.8,+0.1,1434,18.6
215,"Zach Collins
SA
C, PF",,,20.2,3.9,7.9,1.6,2.1,0.7,5.2,2.5,0.5,0.7,1.8,10.2,1.6,+0.2,1431,21.7
216,"Kevon Looney
GS
C",,,18.3,2.2,3.6,0.8,1.3,0.0,6.6,2.0,0.5,0.5,0.7,5.2,2.1,-0.5,1419,18.7
217,"Dalton Knecht
DTD
LAL
SG",,,21.6,3.9,9.2,2.0,2.4,1.6,3.8,1.6,1.0,0.5,1.9,11.3,19.4,+13.9,1418,20.3
218,"Josh Richardson
DTD
Mia
SG, SF",,,25.0,3.6,8.2,1.2,1.3,1.6,2.8,2.4,0.7,0.3,1.0,10.0,0.5,0,1407,20.1
219,"Precious Achiuwa
O
NY
PF, C",,,17.8,2.6,5.4,0.8,1.3,0.3,5.3,1.0,0.5,0.7,0.9,6.5,2.5,-0.7,1156,16.5
220,"Kevin Love
DTD
Mia
PF, C",,,18.2,3.0,7.1,1.5,1.9,1.7,6.3,2.1,0.3,0.2,1.0,9.3,1.8,-0.4,1390,20.1
221,"Marvin Bagley III
Wsh
PF, C",,,22.6,4.8,8.8,1.8,2.4,0.3,6.5,0.9,0.4,0.6,1.0,11.6,1.6,+0.2,1388,22.4
222,"Dillon Brooks
Hou
SF, SG",,,27.5,4.4,10.4,1.6,1.9,1.7,3.0,1.7,0.8,0.1,1.1,12.0,3.1,0,1384,19.5
223,"Gradey Dick
Tor
SG, SF",,,29.1,4.4,10.2,1.0,1.2,2.1,3.0,1.6,0.8,0.0,1.1,12.0,6.5,+2.9,1384,19.8
224,"Isaac Okoro
Cle
SF, SG",,,26.4,3.1,6.4,1.3,1.9,1.1,2.9,1.7,0.8,0.5,0.7,8.7,0.9,+0.1,1383,19.2
225,"Christian Braun
Den
SG",,,22.0,2.9,6.2,1.1,1.6,0.8,3.9,1.6,0.6,0.4,0.7,7.7,1.9,+0.4,1382,17.3
226,"Saddiq Bey
O
Wsh
SF, PF",,,27.0,4.2,10.3,2.3,2.7,1.8,4.8,1.7,0.8,0.2,0.9,12.6,0.9,-0.1,1376,22.6
227,"Nickeil Alexander-Walker
DTD
Min
SG",,,22.1,2.9,6.7,0.7,0.9,1.5,2.1,2.4,0.7,0.5,1.0,8.0,1.2,+0.2,1373,18.1
228,"Dyson Daniels
Atl
SG, PG",,,21.6,2.2,4.9,0.5,0.8,0.6,3.8,2.6,1.3,0.4,1.0,5.5,3.3,+1,1355,19.1
229,"Bones Hyland
LAC
PG",,,20.4,3.8,9.7,1.2,1.4,1.9,2.4,3.3,0.8,0.2,1.6,10.7,1.1,+0.2,1341,20.0
230,"Kris Dunn
LAC
PG",,,19.7,2.5,5.2,0.5,0.7,0.6,3.0,4.1,1.1,0.4,1.3,6.1,0.4,0,1340,20.9
231,"Eric Gordon
Phi
SG, SF",,,25.8,3.8,8.5,1.0,1.3,2.0,1.7,2.0,0.8,0.4,1.1,10.6,0.9,-0.1,1338,19.7
232,"Cason Wallace
OKC
SG",,,20.7,2.6,5.4,0.4,0.5,1.2,2.3,1.5,0.9,0.5,0.5,6.8,1.0,0,1337,17.6
233,"Cody Martin
Cha
SG",,,26.4,2.9,7.1,0.8,1.3,0.9,3.9,3.3,1.1,0.6,1.3,7.4,0.4,0,1335,21.2
234,"Miles McBride
NY
PG",,,22.8,3.4,7.7,0.8,0.9,1.8,1.7,2.0,0.9,0.1,0.5,9.5,2.1,+0.5,1331,19.0
235,"Daniel Theis
NO
C",,,21.4,3.3,6.3,0.8,1.1,0.6,5.1,1.3,0.4,1.0,0.9,8.0,0.7,0,1330,20.2
236,"Georges Niang
Cle
PF",,,21.8,3.3,7.4,0.6,0.7,1.9,3.1,1.2,0.4,0.2,0.8,9.1,0.6,0,1325,16.4
237,"Bub Carrington
Wsh
PG",,,21.7,3.7,8.7,1.4,1.8,0.4,5.3,2.1,0.8,0.4,1.6,9.1,1.3,+0.2,1322,18.9
238,"Drew Eubanks
Utah
C",,,17.6,2.6,4.2,1.1,1.5,0.1,4.9,1.1,0.4,0.9,0.9,6.3,0.3,0,1310,17.5
239,"Matisse Thybulle
O
Por
SF, SG",,,22.8,2.0,4.8,0.4,0.5,1.1,2.2,1.3,1.7,0.8,0.6,5.5,0.7,-0.1,1306,19.2
240,"Christian Wood
O
LAL
PF",,,19.9,3.4,6.9,1.8,2.5,0.9,5.8,1.2,0.4,0.8,1.2,9.4,0.7,-0.2,1303,20.0
241,"Kyle Lowry
Phi
PG",,,25.4,2.5,5.8,1.0,1.2,1.5,3.0,3.9,0.9,0.3,1.3,7.5,1.4,-0.2,1302,21.0
242,"Toumani Camara
Por
PF",,,23.3,3.1,6.8,1.5,1.9,1.0,4.6,1.2,0.9,0.4,1.1,8.6,0.7,+0.2,1301,18.6
243,"Yves Missi
NO
C",,,21.9,3.3,6.9,1.5,2.3,0.0,5.3,1.1,0.3,1.5,1.4,8.2,1.1,+0.2,1297,19.1
244,"Rudy Gay
GS
PF",,,18.0,2.7,6.5,1.0,1.3,1.1,4.1,1.0,0.4,0.3,0.8,7.5,0.6,0,796,14.5
245,"Mason Plumlee
Phx
C",,,19.2,2.7,4.3,1.7,2.7,0.0,6.5,2.0,0.5,0.5,1.1,7.1,0.7,-0.1,1285,19.5
246,"Marcus Sasser
Det
PG",,,19.0,3.1,7.2,0.8,0.9,1.3,1.8,3.3,0.6,0.2,1.3,8.3,0.5,0,1285,17.6
247,"Monte Morris
Phx
PG",,,20.8,3.0,6.7,0.7,0.9,1.1,2.4,3.4,0.6,0.2,0.6,7.9,0.4,-0.1,1275,19.3
248,"Cameron Payne
NY
PG, SG",,,18.9,3.2,7.4,0.8,1.0,1.4,1.8,3.3,0.6,0.2,1.1,8.6,0.8,0,1270,18.1
249,"Alec Burks
DTD
Mia
SG",,,20.2,3.3,8.7,2.4,2.8,1.9,2.7,1.7,0.6,0.2,0.8,10.9,0.4,-0.1,1264,18.1
250,"Isaiah Collier
O
Utah
PG",,,17.9,3.1,7.2,1.4,1.9,0.7,2.3,3.4,1.0,0.3,1.9,8.3,0.5,-0.1,1264,18.1
251,"Ben Simmons
Bkn
PG, PF",,,25.2,3.0,5.3,0.5,1.2,0.0,7.0,5.9,1.1,0.6,2.1,6.6,20.5,+5.4,1262,28.0
252,"Taurean Prince
Mil
SF",,,24.5,3.1,6.9,0.8,1.0,1.7,2.7,1.4,0.7,0.4,0.9,8.6,0.5,0,1249,17.3
253,"Isaiah Jackson
DTD
Ind
PF, C",,,13.5,2.6,4.1,1.3,1.8,0.0,4.1,0.8,0.6,1.1,0.7,6.5,0.5,-0.1,1240,18.2
254,"Nicolas Batum
LAC
PF",,,24.0,1.9,4.3,0.3,0.4,1.3,4.0,1.9,0.8,0.6,0.6,5.4,0.5,-0.1,1239,18.2
255,"Guerschon Yabusele
Phi
PF",,,19.6,2.9,6.2,1.4,1.9,0.5,4.9,1.3,0.6,0.7,1.1,7.6,0.9,+0.2,1236,17.7
256,"John Konchar
Mem
SG, SF",,,20.8,1.7,3.9,0.4,0.5,0.7,4.6,1.8,0.9,0.7,0.7,4.5,0.3,-0.1,1227,17.8
257,"Kyle Filipowski
Utah
PF",,,15.2,2.8,6.3,1.9,2.6,1.2,4.2,1.6,0.7,0.5,1.0,8.8,0.8,-0.1,1226,18.9
258,"Ja'Kobe Walter
O
Tor
SG",,,21.2,3.3,7.7,0.9,1.1,1.4,3.4,1.7,0.7,0.3,0.9,8.9,0.3,-0.1,1224,18.0
259,"Simone Fontecchio
Det
SF",,,22.3,3.4,7.7,0.8,1.0,1.8,3.2,1.3,0.6,0.3,1.0,9.4,0.7,+0.2,1215,17.6
260,"Jarred Vanderbilt
O
LAL
PF",,,21.8,2.5,4.6,1.0,1.5,0.3,5.9,1.6,1.2,0.2,1.1,6.2,9.8,-8,1208,18.9
261,"Delon Wright
Mil
PG, SG",,,18.0,1.8,4.3,0.8,1.0,0.6,2.3,2.8,1.3,0.3,0.5,5.0,0.3,-0.1,1196,18.1
262,"Jonathan Isaac
Orl
PF",,,15.6,2.5,4.9,1.0,1.4,0.7,4.5,0.5,0.8,1.2,0.5,6.7,2.2,0,1193,19.6
263,"Jose Alvarado
NO
PG",,,18.8,2.7,6.5,0.7,1.0,1.3,2.3,2.4,1.1,0.2,0.9,7.4,0.6,-0.1,1191,17.8
264,"Danilo Gallinari
FA
PF, SF",,,17.5,2.5,5.8,1.8,2.1,1.0,3.1,1.3,0.3,0.1,0.5,7.9,0.1,0,--,14.1
265,"Isaiah Joe
OKC
SG",,,18.1,2.7,6.1,0.7,0.8,1.9,2.2,1.2,0.6,0.2,0.6,8.0,0.4,0,1181,15.7
266,"Lonnie Walker IV
FA
SG",,,19.2,3.8,8.9,1.0,1.3,1.8,2.2,1.4,0.6,0.3,0.9,10.4,0.5,-0.1,--,17.3
267,"Larry Nance Jr.
DTD
Atl
PF, C",,,17.8,2.1,3.7,0.7,0.9,0.4,4.5,1.6,0.8,0.3,0.7,5.3,0.5,0,1167,16.7
268,"Goga Bitadze
Orl
C",,,14.9,2.0,3.5,0.9,1.4,0.1,4.4,1.2,0.5,1.1,0.7,5.1,0.2,0,1162,17.1
269,"Trey Lyles
O
Sac
PF",,,19.1,2.8,6.2,1.6,2.0,1.2,4.5,1.1,0.3,0.4,0.8,8.4,0.1,0,1161,16.6
270,"Malik Beasley
Det
SG",,,23.7,3.5,8.2,0.4,0.5,2.4,3.0,1.2,0.6,0.1,0.6,9.7,1.0,-0.2,1403,17.8
271,"Pat Connaughton
Mil
SG, SF",,,22.6,2.2,5.2,0.6,0.8,1.3,3.5,1.9,0.6,0.2,0.6,6.3,0.3,0,1148,15.9
272,"Davion Mitchell
Tor
PG",,,22.1,3.0,6.8,0.6,0.8,1.1,1.8,2.8,0.4,0.1,0.9,7.7,0.7,0,1143,15.4
273,"Torrey Craig
Chi
PF, SF",,,21.2,2.3,5.3,0.4,0.6,1.2,4.4,1.2,0.6,0.5,0.7,6.3,0.2,0,1141,16.5
274,"Xavier Tillman
Bos
PF, C",,,17.9,2.4,5.0,0.6,1.1,0.3,4.1,1.4,0.9,0.7,0.7,5.6,0.8,+0.1,1138,17.0
275,"Josh Green
DTD
Cha
SG, SF",,,25.0,3.1,6.2,0.8,1.1,1.1,3.1,2.0,0.8,0.1,1.0,8.0,0.4,0,1135,17.5
276,"Malaki Branham
SA
SG",,,22.8,3.9,9.0,0.8,0.9,1.3,2.3,2.1,0.4,0.1,1.3,9.8,0.7,-0.4,1129,15.7
277,"Mo Bamba
DTD
LAC
C",,,15.0,2.1,4.4,0.7,1.0,0.7,4.7,0.8,0.4,1.1,0.7,5.6,0.7,-0.1,1127,16.8
278,"Dalano Banton
Por
PG",,,17.0,3.2,7.9,1.4,1.8,0.9,2.9,2.1,0.6,0.3,1.2,8.7,0.4,-0.1,1120,16.0
279,"Vasilije Micic
Cha
PG, SG",,,26.8,3.6,8.4,1.4,1.7,1.0,2.0,6.0,0.7,0.2,2.3,9.6,1.3,-0.5,1105,22.1
280,"Nikola Jovic
Mia
PF",,,18.8,2.6,5.9,0.8,1.1,1.3,3.9,1.8,0.5,0.3,0.9,7.4,1.4,+0.1,1103,16.7
281,"Luke Kornet
Bos
C",,,14.5,2.1,3.0,0.7,0.8,0.0,3.8,1.0,0.3,0.9,0.3,4.9,1.0,+0.4,1102,16.0
282,"Moses Moody
GS
SG, SF",,,18.5,3.0,6.4,1.1,1.4,1.2,3.0,0.9,0.6,0.3,0.7,8.2,1.1,+0.4,1086,15.5
283,"Dario Saric
Den
PF",,,16.3,2.6,5.7,1.2,1.4,1.1,4.2,2.0,0.4,0.1,1.1,7.5,0.3,0,1085,16.0
284,"Jaylen Nowell
FA
SG",,,17.6,3.7,8.0,1.1,1.4,1.0,2.3,2.0,0.5,0.1,0.8,9.3,0.1,0,--,16.4
285,"James Wiseman
Ind
C",,,17.8,3.3,5.5,1.2,1.7,0.0,5.5,0.8,0.2,0.6,1.1,7.8,0.6,0,1084,16.4
286,"Julian Champagnie
SA
SF",,,19.8,2.3,5.6,1.0,1.2,1.4,2.9,1.3,0.6,0.5,0.8,7.0,0.2,0,1075,15.6
287,"Jaden Hardy
Dal
SG",,,16.5,3.3,8.0,1.0,1.3,1.3,2.2,1.8,0.4,0.1,1.0,8.9,0.3,0,1053,14.2
288,"Jared Butler
FA
SG",,,14.2,2.5,5.1,0.8,0.9,0.6,1.5,3.1,0.7,0.2,1.3,6.3,0.3,0,--,15.4
289,"Gary Harris
Orl
SG",,,23.8,2.6,5.9,0.6,0.8,1.5,1.7,1.5,0.9,0.2,0.6,7.3,0.1,0,1046,15.8
290,"Dante Exum
O
Dal
SG",,,19.8,2.9,5.5,0.9,1.2,1.0,2.7,2.9,0.4,0.1,0.9,7.8,0.1,0,1037,17.6
291,"Oshae Brissett
FA
PF",,,--,--,--,--,--,--,--,--,--,--,--,--,0.1,0,--,--
292,"Kenrich Williams
O
OKC
SF",,,16.8,2.3,4.7,0.2,0.4,0.9,3.5,1.5,0.6,0.2,0.5,5.6,0.2,-0.1,1032,14.7
293,"Quentin Grimes
Dal
SG",,,22.5,2.8,6.9,0.8,1.0,1.7,2.3,1.5,0.7,0.2,0.7,8.1,0.3,0,1030,15.8
294,"Jaxson Hayes
LAL
C",,,16.6,2.4,3.5,1.1,1.7,0.0,3.9,0.6,0.6,0.6,0.8,5.9,0.3,0,1030,14.9
295,"Jake LaRavia
Mem
PF",,,19.7,2.7,6.9,1.9,2.3,1.3,3.1,1.3,0.7,0.3,1.1,8.5,0.2,0,1028,15.3
296,"Kris Murray
Por
PF",,,22.3,2.4,6.1,0.6,0.9,0.8,3.7,1.3,0.9,0.3,0.9,6.1,0.4,0,1019,14.6
297,"Joe Ingles
DTD
Min
SF",,,18.5,1.7,3.9,0.4,0.5,1.2,2.2,3.1,0.6,0.1,1.0,5.0,0.3,0,1018,14.8
298,"Jared McCain
DTD
Phi
SG",,,16.7,2.2,5.1,1.0,1.1,1.0,3.4,1.7,0.7,0.3,1.3,6.2,5.4,-0.7,1014,14.5
299,"Trendon Watford
O
Bkn
PF",,,--,--,--,--,--,--,--,--,--,--,--,--,0.1,0,--,--
300,"Chris Boucher
DTD
Tor
PF, C",,,15.5,2.5,4.9,1.5,1.9,0.7,4.5,0.4,0.4,0.6,0.6,7.0,0.3,-0.1,1013,15.3
301,"Sam Merrill
DTD
Cle
SG",,,17.3,2.6,6.4,0.5,0.5,2.3,2.0,1.7,0.3,0.1,0.3,7.9,0.1,0,1011,15.3
302,"Gary Payton II
GS
SG",,,16.1,2.4,4.2,0.4,0.6,0.5,2.8,1.1,1.0,0.4,0.6,5.7,0.4,0,993,16.0
303,"Dean Wade
Cle
PF",,,20.4,1.8,4.2,0.4,0.5,1.3,3.8,0.8,0.7,0.4,0.4,5.2,0.2,0,992,14.8
304,"Johnny Davis
Wsh
SG",,,--,--,--,--,--,--,--,--,--,--,--,--,0.1,0,--,--
305,"Jae'Sean Tate
Hou
SF",,,17.9,2.3,4.7,0.7,1.0,0.4,3.4,1.4,0.7,0.3,0.8,5.6,0.1,0,980,14.2
306,"Thomas Bryant
Mia
C",,,13.9,2.8,4.7,1.2,1.5,0.2,4.3,0.6,0.3,0.5,0.6,7.0,0.2,0,978,15.3
307,"Bol Bol
Phx
PF, C",,,14.3,2.7,4.6,0.6,0.8,0.5,4.0,0.6,0.3,0.8,0.8,6.5,1.8,-0.1,978,15.5
308,"Devonte' Graham
FA
PG",,,18.4,2.3,6.4,1.0,1.3,1.6,1.8,2.7,0.6,0.2,0.9,7.3,0.1,0,--,15.4
309,"Gabe Vincent
LAL
PG",,,23.1,2.6,6.7,0.6,0.7,1.2,1.6,2.3,0.9,0.1,1.0,6.9,0.3,0,971,14.5
310,"Maxi Kleber
DTD
Dal
PF",,,21.7,1.7,4.0,0.8,1.1,0.9,3.7,1.5,0.4,0.8,0.7,5.1,0.1,0,956,15.2
311,"Aaron Holiday
Hou
PG",,,15.8,2.2,5.0,0.7,0.8,1.0,1.5,1.8,0.6,0.1,0.7,6.1,0.1,0,956,12.9
312,"Ochai Agbaji
Tor
SF, SG",,,20.9,2.4,5.8,0.6,0.8,0.9,2.6,1.1,0.5,0.5,0.8,6.3,0.2,0,955,13.3
313,"KJ Martin
Phi
SF",,,17.3,2.7,4.9,0.8,1.3,0.4,3.2,1.1,0.4,0.3,0.7,6.6,0.3,-0.2,953,13.8
314,"Tristan Vukcevic
Wsh
PF",,,15.6,2.9,6.9,1.7,2.3,1.0,3.7,1.3,0.5,0.7,1.0,8.7,0.1,0,953,17.3
315,"GG Jackson II
O
Mem
PF",,,25.7,5.1,11.7,2.5,3.2,2.2,4.1,1.2,0.6,0.5,1.4,15.0,1.9,-0.1,953,23.2
316,"Mouhamed Gueye
Atl
PF",,,12.2,1.3,3.8,0.8,1.0,0.5,3.7,0.7,0.8,0.7,0.2,4.0,0.1,0,944,13.9
317,"Keon Ellis
Sac
SG",,,15.7,1.7,3.7,0.4,0.6,1.1,2.0,1.4,0.8,0.5,0.6,5.0,0.9,+0.2,942,14.5
318,"Noah Clowney
Bkn
PF",,,16.1,2.1,4.0,0.9,1.3,0.5,3.5,0.8,0.3,0.7,0.7,5.7,1.3,+0.1,940,13.8
319,"Jaylin Williams
O
OKC
C",,,13.9,1.5,3.5,0.5,0.7,0.8,3.6,1.6,0.4,0.4,0.5,4.3,0.4,+0.1,934,13.3
320,"Dwight Powell
Dal
C",,,15.7,1.7,2.5,1.2,1.7,0.0,3.8,1.2,0.5,0.3,0.6,4.7,0.2,-0.1,930,13.5
321,"Richaun Holmes
Wsh
C, PF",,,15.5,2.6,4.2,0.9,1.2,0.0,4.6,0.6,0.2,0.6,0.7,6.1,0.1,0,924,14.4
322,"Jevon Carter
Chi
PG",,,15.8,2.1,5.4,0.1,0.2,1.2,1.3,1.6,0.6,0.3,0.6,5.6,0.1,0,923,12.5
323,"Seth Curry
Cha
SG, PG",,,17.9,2.7,6.2,0.8,0.9,1.2,1.8,1.5,0.6,0.1,0.7,7.5,1.5,-0.1,913,14.0
324,"Malachi Flynn
FA
PG",,,--,--,--,--,--,--,--,--,--,--,--,--,0.1,0,--,--
325,"Ziaire Williams
Bkn
SF",,,19.8,2.8,7.0,1.1,1.3,1.1,3.1,1.3,0.6,0.2,1.2,7.8,0.2,0,904,13.9
326,"Charles Bassey
SA
C",,,11.4,1.9,2.8,0.5,0.7,0.0,4.3,1.0,0.4,0.9,0.8,4.2,0.2,0,902,14.8
327,"Josh Christopher
DTD
Mia
SG",,,--,--,--,--,--,--,--,--,--,--,--,--,0.1,0,--,--
328,"Amir Coffey
LAC
SG",,,19.8,2.3,4.9,0.9,1.1,0.9,2.0,1.2,0.5,0.2,0.5,6.4,0.6,0,898,13.0
329,"Jordan Hawkins
NO
SG",,,17.3,2.8,6.8,1.0,1.2,1.6,2.2,1.0,0.3,0.1,0.6,8.2,0.7,+0.3,898,13.0
330,"Patty Mills
Utah
PG, SG",,,21.2,2.9,7.2,0.5,0.6,1.9,1.5,1.7,0.6,0.1,0.8,8.2,0.1,0,894,14.7
331,"Jeff Green
Hou
PF",,,18.0,2.4,5.1,1.6,2.0,0.6,2.4,1.0,0.2,0.4,0.7,7.1,0.1,0,882,12.4
332,"Damion Lee
DTD
Phx
SF",,,20.3,2.7,6.1,1.2,1.3,1.3,3.1,1.2,0.5,0.1,0.9,7.9,0.1,0,882,14.5
333,"Josh Okogie
DTD
Phx
SF, SG",,,16.2,1.6,3.9,1.4,1.9,0.6,2.7,1.1,0.8,0.4,0.7,5.2,0.1,0,846,12.8
334,"Usman Garuba
FA
PF",,,--,--,--,--,--,--,--,--,--,--,--,--,0.0,0,--,--
335,"Shake Milton
Bkn
SG",,,15.5,2.2,5.1,1.0,1.2,0.5,1.9,1.9,0.4,0.2,0.8,5.9,0.1,0,836,12.1
336,"Ricky Council IV
Phi
SG",,,16.2,2.7,5.4,2.7,3.5,0.5,2.6,1.0,0.5,0.1,1.5,8.5,0.1,0,830,12.2
337,"Jordan McLaughlin
Sac
PG",,,12.1,1.3,2.8,0.3,0.4,0.7,1.3,2.2,0.7,0.1,0.4,3.6,0.1,0,827,12.2
338,"Terrence Shannon Jr.
Min
SG",,,11.1,2.2,4.8,1.1,1.4,0.6,2.7,0.4,0.6,0.4,0.9,6.0,0.8,-0.1,800,11.6
339,"Julian Strawther
Den
SF",,,13.9,2.5,5.6,0.6,0.8,1.3,1.5,1.2,0.4,0.2,0.6,6.8,0.8,+0.5,758,12.2
340,"Anthony Black
Orl
PG, SG",,,16.8,1.7,3.6,0.7,1.2,0.6,2.0,1.3,0.5,0.3,0.8,4.6,0.8,-0.1,746,10.7
341,"Chris Duarte
Chi
SG",,,15.0,1.9,4.9,0.7,0.9,0.9,2.1,1.0,0.5,0.2,0.6,5.5,0.1,0,741,10.9
342,"Garrison Mathews
Atl
SG, SF",,,15.8,1.7,3.9,0.7,0.9,1.3,1.5,0.6,0.4,0.1,0.3,5.4,0.1,0,732,10.2
343,"Jalen Wilson
Bkn
PF",,,15.5,1.8,4.2,0.9,1.1,0.5,3.1,1.0,0.3,0.1,0.4,5.0,0.2,0,722,10.6
344,"Kobe Bufkin
O
Atl
PG, SG",,,11.6,2.0,5.4,0.2,0.5,0.5,1.9,1.6,0.4,0.3,0.6,4.8,0.3,+0.1,715,10.4
345,"P.J. Tucker
O
LAC
PF, SF",,,21.1,1.2,2.8,0.3,0.3,0.6,3.6,0.9,0.6,0.2,0.5,3.3,0.2,0,708,11.1
346,"Ben Sheppard
Ind
SG",,,14.3,1.6,4.0,0.5,0.5,0.9,1.6,0.9,0.6,0.0,0.3,4.6,0.2,0,706,9.9
347,"AJ Griffin
FA
SF",,,15.1,2.4,5.7,0.4,0.4,1.0,1.6,0.7,0.4,0.1,0.5,6.3,0.1,0,--,10.5
348,"Cam Reddish
LAL
SF, SG",,,17.3,1.8,4.5,0.9,1.1,0.7,1.7,0.9,0.8,0.2,0.6,5.2,0.2,0,674,11.0
349,"Jalen McDaniels
FA
PF",,,14.2,1.9,4.7,0.8,1.0,0.4,2.3,1.0,0.5,0.2,0.7,4.9,0.1,-0.1,--,9.9
350,"Jarace Walker
Ind
PF",,,10.3,1.4,3.3,0.3,0.3,0.6,1.9,1.2,0.5,0.3,0.5,3.6,0.4,-0.1,669,10.1
351,"Saben Lee
FA
PG",,,11.6,1.4,3.6,1.4,1.9,0.2,1.7,2.0,0.6,0.1,0.6,4.4,0.0,0,--,10.7
352,"Rayan Rupert
Por
SG",,,16.7,1.8,5.1,0.8,1.1,0.8,2.4,1.6,0.3,0.1,0.8,5.3,0.0,0,652,10.0
353,"David Nwaba
OKC
SG",,,--,--,--,--,--,--,--,--,--,--,--,--,0.0,0,--,--
354,"Alex Len
Sac
C",,,10.7,1.3,2.4,0.6,1.0,0.0,3.0,1.0,0.2,0.6,0.7,3.4,0.1,0,648,10.1
355,"Garrett Temple
Tor
SG",,,13.8,1.4,3.7,0.4,0.6,0.7,1.8,1.0,0.6,0.2,0.5,3.9,0.0,0,633,9.6
356,"Jeremiah Robinson-Earl
NO
PF, C",,,12.4,1.6,3.6,0.5,0.6,0.5,2.9,0.7,0.4,0.2,0.5,4.2,0.1,0,628,10.0
357,"Nick Smith Jr.
Cha
SG",,,14.2,2.2,5.7,0.3,0.3,1.3,1.4,1.2,0.2,0.1,0.8,6.0,0.1,0,622,9.3
358,"Max Christie
LAL
SG",,,13.8,1.4,3.4,0.5,0.6,0.6,2.1,0.8,0.3,0.2,0.5,4.0,0.3,0,589,8.7
359,"Jalen Hood-Schifino
LAL
SG",,,11.3,2.0,4.7,1.5,2.1,0.5,1.3,0.8,0.3,0.2,0.9,6.0,0.1,0,555,8.3
360,"Kira Lewis Jr.
FA
PG",,,11.1,1.7,4.3,0.6,0.7,0.4,1.3,1.4,0.4,0.1,0.7,4.5,0.0,0,--,8.6
361,"Jericho Sims
NY
C",,,13.7,1.0,1.4,0.3,0.5,0.0,3.7,0.5,0.2,0.5,0.4,2.3,0.3,0,627,9.5
362,"Chuma Okeke
FA
PF",,,12.8,1.3,3.5,0.2,0.3,0.7,2.4,0.7,0.4,0.2,0.4,3.5,0.1,0,--,8.6
363,"Caleb Houstan
Orl
SF",,,14.2,1.3,3.5,0.3,0.4,1.2,1.5,0.5,0.3,0.1,0.3,4.2,0.0,0,541,8.0
364,"Markelle Fultz
FA
PG, SG",,,24.5,4.5,9.2,1.1,1.5,0.3,3.5,4.1,1.2,0.4,1.7,10.5,0.5,-0.2,--,25.0
365,"T.J. Warren
FA
SF",,,15.8,3.0,6.1,0.6,0.8,0.5,2.8,0.9,0.5,0.3,0.5,7.1,0.1,0,--,14.2
366,"DeAndre Jordan
Den
C",,,12.1,1.8,2.7,0.6,1.3,0.0,4.7,0.7,0.2,0.5,0.8,4.2,0.1,0,504,11.7
367,"James Johnson
Ind
PF",,,15.1,1.9,4.0,0.4,0.7,0.3,2.7,1.6,0.4,0.5,0.6,4.4,0.1,0,494,12.4
368,"TyTy Washington Jr.
Phx
PG",,,--,--,--,--,--,--,--,--,--,--,--,--,0.0,0,--,--
369,"Andre Jackson Jr.
Mil
SG, SF",,,10.1,0.8,1.8,0.1,0.2,0.3,2.0,0.9,0.3,0.1,0.5,2.1,0.1,0,440,6.6
370,"Bronny James
LAL
PG",,,10.1,1.3,3.2,0.6,0.7,0.7,2.3,1.7,0.7,0.3,1.3,3.8,16.1,-1.1,430,10.8
371,"Olivier-Maxence Prosper
Dal
PF",,,8.4,1.0,2.6,0.7,1.0,0.3,2.0,0.6,0.2,0.1,0.2,3.0,0.1,0,418,6.4
372,"James Nnaji
Cha
C",,,--,--,--,--,--,--,--,--,--,--,--,--,0.0,0,--,--
373,"Kobe Brown
LAC
PF",,,8.9,0.9,2.0,0.0,0.0,0.4,1.4,0.6,0.3,0.1,0.2,2.1,0.1,0,378,5.9
374,"Dariq Whitehead
Bkn
SF",,,12.0,0.5,2.5,0.5,1.0,0.0,2.0,1.5,0.0,0.5,0.0,1.5,0.1,0,376,6.6
375,"Colby Jones
Sac
SG",,,6.9,1.0,2.6,0.2,0.4,0.1,1.5,0.7,0.3,0.2,0.4,2.4,0.1,0,370,5.9
376,"Jordan Walsh
Bos
SF",,,9.2,0.7,1.7,0.1,0.2,0.2,2.2,0.6,0.6,0.1,0.3,1.7,0.4,0,363,7.1
377,"PJ Dozier
Min
PG",,,10.0,1.1,3.3,0.2,0.3,0.4,1.8,1.0,0.5,0.2,0.5,2.8,0.1,0,344,7.6
378,"Jalen Pickett
Den
SG, PG",,,6.1,0.8,1.8,0.1,0.2,0.5,0.7,1.1,0.2,0.0,0.5,2.2,0.1,0,313,5.0
379,"Julian Phillips
Chi
SF",,,8.0,0.8,1.9,0.3,0.5,0.3,0.9,0.3,0.2,0.2,0.2,2.2,0.1,0,291,4.7
380,"Emoni Bates
O
Cle
SF",,,9.0,1.0,3.3,0.1,0.3,0.7,0.9,0.7,0.1,0.1,0.5,2.8,0.2,0,252,4.0
381,"Jaylen Clark
Min
SG",,,--,--,--,--,--,--,--,--,--,--,--,--,0.0,0,--,--
382,"Hunter Tyson
Den
SF",,,6.2,1.1,2.6,0.0,0.0,0.5,1.2,0.3,0.1,0.0,0.3,2.6,0.1,0,249,4.3
383,"Leonard Miller
Min
SF",,,3.2,0.6,1.2,0.1,0.1,0.1,1.2,0.5,0.1,0.1,0.1,1.3,0.2,0,246,4.2
384,"Tarik Biberovic
Mem
PF",,,--,--,--,--,--,--,--,--,--,--,--,--,0.0,0,--,--
385,"Jalen Slawson
FA
SF",,,3.1,0.3,0.5,0.0,0.0,0.0,0.6,0.2,0.1,0.1,0.2,0.7,0.0,0,--,2.1
386,"Edmond Sumner
Cha
SG",,,13.9,2.4,5.1,1.8,2.0,0.6,1.5,1.3,0.6,0.2,0.9,7.1,0.0,0,529,12.6
387,"Mojave King
Ind
SG",,,--,--,--,--,--,--,--,--,--,--,--,--,0.0,0,--,--
388,"Jett Howard
Orl
SF, SG",,,3.6,0.6,1.7,0.1,0.2,0.4,0.4,0.3,0.1,0.1,0.2,1.6,0.1,0,185,2.8
389,"Maxwell Lewis
LAL
SF",,,8.3,0.7,1.7,0.1,0.2,0.2,0.3,0.5,0.2,0.1,0.8,1.8,0.1,0,165,2.6
390,"Chris Livingston
Mil
SF",,,4.3,0.5,1.1,0.2,0.2,0.1,1.0,0.2,0.1,0.0,0.2,1.2,0.1,0,161,2.6
391,"Keyontae Johnson
FA
SF",,,7.4,0.6,1.8,0.0,0.0,0.1,1.1,0.4,0.1,0.0,0.4,1.2,0.0,0,--,2.1
392,"Aleksej Pokusevski
FA
PF, C",,,17.8,2.5,6.0,0.8,1.2,0.9,4.1,1.7,0.6,0.7,1.1,6.7,0.1,0,--,16.7
393,"Seth Lundy
DTD
Atl
SG",,,5.8,0.4,1.9,0.3,0.4,0.3,0.8,0.0,0.0,0.0,0.1,1.5,0.0,0,92,1.4
394,"Jordan Miller
LAC
SF",,,3.5,0.5,1.1,0.2,0.3,0.1,0.6,0.0,0.0,0.0,0.1,1.4,0.1,0,88,1.7
395,"Isaiah Wong
FA
PG",,,--,--,--,--,--,--,--,--,--,--,--,--,0.0,0,--,--
396,"Brice Sensabaugh
Utah
SF",,,18.9,2.8,7.1,1.2,1.3,1.2,3.3,1.8,0.4,0.2,1.5,7.9,0.2,0,918,13.7
397,"Gordon Hayward
FA
SF",,,--,--,--,--,--,--,--,--,--,--,--,--,0.2,-0.1,--,--
398,"Raul Neto
Cle
PG",,,18.2,2.7,5.7,1.1,1.4,0.5,1.8,2.9,0.7,0.0,1.0,6.9,0.0,0,991,15.0
399,"John Wall
Hou
PG",,,22.1,4.0,9.9,2.3,3.3,1.0,2.7,5.2,0.8,0.4,2.3,11.3,0.2,0,615,22.8
400,"Tristan Thompson
Cle
C, PF",,,12.7,1.8,3.2,0.6,1.4,0.0,4.0,0.9,0.3,0.3,0.7,4.2,0.1,0,540,10.6
401,"Kemba Walker
FA
PG",,,25.0,3.9,9.8,1.6,1.9,1.9,2.9,3.5,0.7,0.2,1.2,11.4,0.1,0,--,22.2
402,"Justin Holiday
FA
SG, SF",,,17.7,2.0,4.8,0.2,0.2,1.3,1.5,1.2,0.6,0.3,0.4,5.4,0.2,0,--,12.5
403,"James Bouknight
FA
SG",,,13.2,1.9,5.3,0.7,0.9,0.8,1.9,1.1,0.3,0.1,0.8,5.3,0.0,0,--,8.5
404,"Michael Carter-Williams
Orl
PG",,,--,--,--,--,--,--,--,--,--,--,--,--,0.0,0,0,--
405,"Thaddeus Young
FA
PF",,,14.4,2.1,3.8,0.3,0.6,0.1,3.3,1.6,0.9,0.2,0.7,4.7,0.2,-0.1,--,14.4
406,"Terrence Ross
Phx
SG",,,22.6,3.4,8.5,1.5,1.8,1.3,2.5,1.8,0.5,0.2,1.1,9.7,0.1,0,997,15.8
407,"Blake Griffin
Bos
PF",,,16.6,2.2,5.2,0.9,1.3,0.6,4.0,1.8,0.5,0.2,0.6,6.1,0.2,0,787,14.8
408,"Reggie Bullock Jr.
FA
SF, SG",,,21.2,1.8,4.5,0.2,0.3,1.4,2.8,0.9,0.5,0.2,0.4,5.3,0.1,-0.1,--,12.4
409,"Terence Davis
DTD
Mil
SG",,,16.3,3.3,7.8,1.0,1.2,1.6,2.8,1.2,0.8,0.3,1.0,9.1,0.0,0,625,16.9
410,"Bismack Biyombo
FA
C",,,17.1,2.0,3.4,0.6,1.4,0.0,4.8,1.1,0.3,1.1,0.9,4.5,0.1,0,--,15.2
411,"Facundo Campazzo
Dal
PG",,,17.9,1.6,4.5,0.9,1.2,0.9,1.8,3.3,1.0,0.3,1.0,5.0,0.0,0,859,15.9
412,"Ricky Rubio
Cle
PG",,,--,--,--,--,--,--,--,--,--,--,--,--,0.0,0,0,--
413,"Mike Muscala
OKC
C",,,0.0,0.0,0.0,0.0,0.0,0.0,0.0,0.0,0.0,0.0,0.0,0.0,0.0,0,0,0.0
414,"Andre Iguodala
GS
SF",,,--,--,--,--,--,--,--,--,--,--,--,--,0.2,0,0,--
415,"Evan Fournier
FA
SG, SF",,,21.6,3.2,8.4,0.8,1.1,1.7,2.1,1.7,0.9,0.2,0.9,9.0,0.1,0,--,16.7
416,"Gorgui Dieng
SA
C",,,--,--,--,--,--,--,--,--,--,--,--,--,0.0,0,0,--
417,"Will Barton
Tor
SF",,,29.7,5.0,11.6,1.3,1.6,2.0,4.4,3.6,0.7,0.4,1.6,13.4,0.7,+0.3,1789,26.3
418,"Robin Lopez
FA
C",,,10.5,1.8,3.2,0.5,0.8,0.1,1.9,0.8,0.1,0.3,0.8,4.2,0.1,0,--,7.8
419,"Khem Birch
SA
C",,,17.2,1.7,3.5,0.9,1.2,0.0,4.1,1.0,0.5,0.5,0.5,4.3,0.0,0,625,13.0
420,"JaMychal Green
GS
PF",,,15.8,2.4,4.8,1.1,1.3,0.5,4.1,0.9,0.6,0.4,0.9,6.4,0.1,-0.1,960,14.8
421,"Robert Covington
DTD
FA
PF, SF",,,19.3,2.1,4.8,0.7,0.9,1.1,3.9,1.1,1.2,0.8,0.7,6.0,0.1,-0.1,--,19.0
422,"Doug McDermott
Sac
SF",,,17.3,2.8,6.2,0.4,0.6,1.7,1.5,1.2,0.2,0.1,0.6,7.7,0.1,0,770,12.4
423,"Jae Crowder
FA
PF, SF",,,23.8,2.5,6.0,0.7,0.9,1.3,3.8,1.5,0.9,0.3,0.5,7.1,0.2,-0.1,--,17.9
424,"Victor Oladipo
FA
SG",,,24.4,4.1,9.4,1.5,2.1,1.7,3.0,3.5,1.0,0.2,2.0,11.4,0.2,-0.1,--,22.1
425,"Kendrick Nunn
Wsh
SG",,,13.8,2.7,6.4,0.5,0.6,1.1,1.6,1.3,0.4,0.1,0.9,7.1,0.0,0,648,11.6
426,"Joe Harris
FA
SF",,,19.9,2.5,5.6,0.2,0.3,1.8,2.2,1.2,0.4,0.2,0.6,7.0,0.0,0,--,14.0
427,"Landry Shamet
O
FA
SG",,,18.0,2.7,6.6,0.9,1.1,1.5,1.5,1.5,0.5,0.2,0.7,7.8,0.1,-0.1,--,13.8
428,"Dewayne Dedmon
Phi
C",,,15.3,2.4,4.3,1.1,1.5,0.3,5.5,0.7,0.3,0.6,1.0,6.2,0.0,0,924,15.1
429,"Juan Toscano-Anderson
O
FA
SF",,,13.3,1.4,3.0,0.5,0.8,0.3,2.4,1.6,0.5,0.2,0.8,3.7,0.0,0,--,10.3
430,"Marcus Morris Sr.
FA
PF",,,22.6,3.5,8.1,1.1,1.3,1.4,3.4,1.3,0.5,0.3,0.8,9.4,0.1,0,--,17.1
431,"Danny Green
Phi
SF, SG",,,21.5,2.0,5.1,0.2,0.2,1.6,2.5,1.0,0.9,0.6,0.7,5.8,0.1,0,805,15.5
432,"Bryn Forbes
Min
SG",,,16.6,2.9,6.9,1.0,1.1,1.6,1.2,1.0,0.3,0.1,0.7,8.4,0.0,0,799,12.3
433,"Jarrett Culver
FA
SG",,,9.4,1.4,3.7,0.4,0.9,0.3,1.5,0.9,0.5,0.1,0.6,3.6,0.0,0,--,7.0
434,"Stanley Johnson
SA
SF",,,21.8,2.4,5.1,1.1,1.5,0.7,3.2,1.7,0.8,0.3,0.8,6.6,0.0,0,701,15.9
435,"Cory Joseph
Orl
PG",,,18.1,2.0,4.7,0.8,1.0,0.9,1.7,2.9,0.4,0.2,0.8,5.7,0.0,0,602,14.0
436,"Jordan Goodwin
FA
PG, SG",,,18.3,2.5,6.3,0.8,1.1,0.7,4.0,2.7,0.9,0.4,1.0,6.5,0.1,0,--,18.2
437,"Isaiah Roby
NY
PF",,,19.2,3.3,6.5,1.5,2.3,0.9,4.4,1.5,0.7,0.6,0.9,8.9,0.1,0,873,19.8
438,"Moses Brown
FA
C",,,8.7,1.6,2.8,0.7,1.7,0.0,3.8,0.2,0.2,0.4,0.5,3.9,0.0,0,--,9.0
439,"Damian Jones
FA
C",,,10.6,1.6,2.5,0.7,0.9,0.1,2.6,0.5,0.2,0.5,0.5,4.0,0.0,0,--,9.9
440,"Nerlens Noel
FA
C",,,20.8,1.2,2.4,0.8,1.1,0.0,5.2,0.9,1.2,1.1,0.8,3.2,0.0,0,--,17.7
441,"D.J. Wilson
Phi
PF",,,--,--,--,--,--,--,--,--,--,--,--,--,0.0,0,0,--
442,"Nassir Little
FA
SF",,,15.0,2.0,4.4,0.6,0.8,0.8,2.5,0.7,0.3,0.4,0.5,5.3,0.1,0,--,11.2
443,"Darius Bazley
FA
PF",,,19.9,2.7,6.3,1.2,2.0,0.7,4.5,1.1,0.6,0.9,0.9,7.5,0.0,0,--,17.6
444,"Furkan Korkmaz
FA
SG",,,12.0,1.5,3.6,0.7,0.9,0.6,1.4,1.0,0.4,0.1,0.5,4.2,0.0,0,--,8.3
445,"Juancho Hernangomez
Tor
PF",,,11.9,1.1,2.7,0.5,0.8,0.6,2.6,0.5,0.4,0.2,0.4,3.3,0.0,0,328,8.2
446,"Willy Hernangomez
NO
C",,,16.3,3.3,6.3,2.2,2.8,0.1,6.5,1.2,0.4,0.4,1.0,8.8,0.0,0,878,18.7
447,"Serge Ibaka
Ind
C",,,16.0,2.7,5.3,0.6,0.8,0.7,4.5,0.9,0.2,0.6,0.8,6.5,0.1,0,684,14.9
448,"Davis Bertans
FA
PF",,,14.0,1.9,4.8,0.5,0.6,1.5,1.5,0.7,0.4,0.2,0.3,5.9,0.1,-0.1,--,11.0
449,"Frank Kaminsky
FA
C",,,13.4,2.4,4.6,1.1,1.3,0.4,3.0,1.2,0.5,0.4,0.4,6.4,0.0,0,--,15.3
450,"Justise Winslow
Tor
SF",,,17.8,2.4,5.7,0.8,1.3,0.3,4.4,2.0,0.8,0.5,1.1,6.0,0.0,0,702,16.3
451,"Talen Horton-Tucker
Chi
SG, SF",,,20.8,3.7,9.2,1.8,2.3,1.0,2.8,3.5,0.8,0.4,1.5,10.3,0.4,-0.1,1183,20.8
452,"Patrick Beverley
FA
PG",,,22.8,2.3,5.5,1.0,1.3,1.0,3.5,3.1,0.8,0.5,0.9,6.6,0.4,-0.1,--,19.4
453,"Ish Smith
FA
PG",,,15.0,1.7,4.1,0.1,0.2,0.2,1.7,3.2,0.4,0.2,1.1,3.7,0.0,0,--,11.3
454,"JaVale McGee
FA
C",,,9.6,2.2,3.6,0.8,1.2,0.0,3.6,0.4,0.2,0.6,0.9,5.2,0.1,0,--,11.4
455,"Justin Jackson
FA
SF",,,4.6,0.3,1.2,0.1,0.1,0.2,0.7,0.4,0.2,0.2,0.1,0.9,0.0,0,--,3.5
456,"George Hill
Ind
PG",,,22.3,2.1,4.8,1.1,1.2,0.8,2.7,2.3,0.7,0.1,0.8,6.0,0.0,0,770,14.8
457,"Hamidou Diallo
FA
SG",,,19.4,4.1,7.7,1.5,2.5,0.2,4.0,1.1,1.1,0.3,1.2,10.0,0.1,0,--,19.2
458,"Dennis Smith Jr.
DTD
FA
PG",,,20.8,2.8,6.6,1.0,1.4,0.5,2.9,4.0,1.3,0.3,1.3,7.1,0.1,0,--,20.9
459,"Cedi Osman
DTD
FA
SF",,,19.0,2.9,6.3,0.8,1.1,1.4,2.4,1.7,0.5,0.1,0.7,8.0,0.1,0,--,15.3
460,"Sasha Vezenkov
FA
PF",,,12.2,2.0,4.6,0.3,0.4,1.1,2.3,0.5,0.5,0.2,0.3,5.5,0.0,0,--,11.4
461,"Anthony Lamb
GS
SF",,,19.3,2.4,5.1,0.8,1.0,1.2,3.5,1.6,0.5,0.3,0.9,6.8,0.0,0,187,15.6
462,"R.J. Hampton
FA
PG",,,18.1,2.4,5.8,1.2,1.7,0.9,2.3,1.6,0.6,0.2,1.1,6.8,0.0,0,--,12.7
463,"Austin Rivers
Min
SG",,,21.7,2.1,5.0,0.5,0.7,1.1,1.7,1.4,0.7,0.1,0.7,5.8,0.1,0,784,12.3
464,"Chimezie Metu
FA
PF, C",,,15.3,2.4,4.7,1.0,1.2,0.5,3.8,0.8,0.7,0.3,0.8,6.3,0.0,0,--,14.5
465,"Killian Hayes
FA
PG",,,26.0,3.3,8.4,1.0,1.3,0.8,2.9,5.3,1.1,0.4,1.7,8.3,0.4,-0.2,--,23.0
466,"Danuel House Jr.
FA
SF, SG",,,15.1,1.6,3.5,0.9,1.2,0.6,1.8,0.8,0.4,0.2,0.6,4.7,0.0,0,--,9.3
467,"Omer Yurtseven
FA
C",,,11.6,2.1,3.9,0.5,0.7,0.1,4.4,0.6,0.2,0.4,0.7,4.8,0.0,0,--,11.5
468,"Amari Bailey
Bkn
SG",,,6.3,0.8,2.4,0.6,0.7,0.1,0.9,0.7,0.3,0.0,0.4,2.3,0.0,0,42,4.2
469,"Goran Dragic
Mil
PG",,,0.0,0.0,0.0,0.0,0.0,0.0,0.0,0.0,0.0,0.0,0.0,0.0,0.0,0,0,0.0
470,"Sidy Cissoko
SA
SG",,,11.7,1.3,2.8,1.0,1.3,0.1,1.8,0.8,0.6,0.3,0.3,3.8,0.0,0,118,9.8
471,"Joshua Primo
FA
SG",,,19.1,2.0,5.3,0.9,1.2,0.8,2.2,1.7,0.4,0.5,1.2,5.6,0.1,0,--,11.5
472,"Sterling Brown
LAL
SG",,,12.9,1.2,3.2,0.3,0.3,0.6,3.1,0.7,0.3,0.1,0.5,3.3,0.0,0,402,8.2
473,"Derrick Rose
FA
PG",,,--,--,--,--,--,--,--,--,--,--,--,--,0.4,-0.1,--,--
474,"Montrezl Harrell
Phi
C",,,21.2,4.5,7.1,2.7,3.8,0.0,5.5,1.8,0.4,0.6,0.9,11.8,0.3,+0.1,1637,24.1
475,"Lonzo Ball
Chi
PG",,,--,--,--,--,--,--,--,--,--,--,--,--,17.1,+9.4,--,--
476,"Sam Hauser
Bos
SF",,,--,--,--,--,--,--,--,--,--,--,--,--,1.0,+0.2,--,--
477,"Tidjane Salaun
Cha
PF",,,--,--,--,--,--,--,--,--,--,--,--,--,0.8,0,--,--
478,"Thanasis Antetokounmpo
O
FA
SF",,,--,--,--,--,--,--,--,--,--,--,--,--,0.8,-0.1,--,--
479,"Ryan Dunn
Phx
SF",,,--,--,--,--,--,--,--,--,--,--,--,--,0.5,+0.3,--,--
480,"Nikola Topic
O
OKC
PG",,,--,--,--,--,--,--,--,--,--,--,--,--,0.4,-0.1,--,--
481,"Tyler Kolek
NY
PG",,,--,--,--,--,--,--,--,--,--,--,--,--,0.4,0,--,--
482,"Tristan da Silva
Orl
SF",,,--,--,--,--,--,--,--,--,--,--,--,--,0.4,-0.1,--,--
483,"Devin Carter
O
Sac
PG",,,--,--,--,--,--,--,--,--,--,--,--,--,0.4,-0.1,--,--
484,"Kai Jones
LAC
PF",,,--,--,--,--,--,--,--,--,--,--,--,--,0.3,+0.1,--,--
485,"Luka Garza
Min
C",,,--,--,--,--,--,--,--,--,--,--,--,--,0.3,+0.1,--,--
486,"Tacko Fall
Cle
C",,,--,--,--,--,--,--,--,--,--,--,--,--,0.2,0,--,--
487,"Aaron Wiggins
OKC
SG",,,--,--,--,--,--,--,--,--,--,--,--,--,0.2,0,--,--
488,"Neemias Queta
Bos
C",,,--,--,--,--,--,--,--,--,--,--,--,--,0.2,0,--,--
489,"Jabari Walker
DTD
Por
PF",,,--,--,--,--,--,--,--,--,--,--,--,--,0.2,0,--,--
490,"Jaylon Tyson
Cle
SG",,,--,--,--,--,--,--,--,--,--,--,--,--,0.2,0,--,--
491,"AJ Johnson
Mil
SG",,,--,--,--,--,--,--,--,--,--,--,--,--,0.2,0,--,--
492,"Kyshawn George
Wsh
SG",,,--,--,--,--,--,--,--,--,--,--,--,--,0.2,0,--,--
493,"DaRon Holmes II
O
Den
PF, C",,,--,--,--,--,--,--,--,--,--,--,--,--,0.2,0,--,--
494,"Baylor Scheierman
Bos
SG",,,--,--,--,--,--,--,--,--,--,--,--,--,0.2,0,--,--
495,"Pacome Dadiet
NY
SF",,,--,--,--,--,--,--,--,--,--,--,--,--,0.1,0,--,--
496,"Day'Ron Sharpe
O
Bkn
C",,,--,--,--,--,--,--,--,--,--,--,--,--,0.1,0,--,--
497,"Dillon Jones
OKC
SF",,,--,--,--,--,--,--,--,--,--,--,--,--,0.1,0,--,--
498,"Johnny Furphy
DTD
Ind
SG",,,--,--,--,--,--,--,--,--,--,--,--,--,0.1,0,--,--
499,"Boban Marjanovic
FA
C",,,--,--,--,--,--,--,--,--,--,--,--,--,0.1,0,--,--
500,"Karlo Matkovic
NO
PF",,,--,--,--,--,--,--,--,--,--,--,--,--,0.1,0,--,--
501,"Naji Marshall
Dal
SF",,,--,--,--,--,--,--,--,--,--,--,--,--,0.1,0,--,--
502,"Wang Zhelin
Mem
C",,,--,--,--,--,--,--,--,--,--,--,--,--,0.1,0,--,--
503,"Javonte Green
NO
SF",,,--,--,--,--,--,--,--,--,--,--,--,--,0.1,0,--,--
504,"Ousmane Dieng
OKC
SF",,,--,--,--,--,--,--,--,--,--,--,--,--,0.1,0,--,--
505,"Josh Minott
Min
SF",,,--,--,--,--,--,--,--,--,--,--,--,--,0.1,0,--,--
506,"Leaky Black
FA
SF",,,--,--,--,--,--,--,--,--,--,--,--,--,0.1,0,--,--
507,"Lindy Waters III
GS
SG, SF",,,--,--,--,--,--,--,--,--,--,--,--,--,0.1,0,--,--
508,"Cody Zeller
DTD
Atl
C",,,--,--,--,--,--,--,--,--,--,--,--,--,0.1,0,--,--
509,"Isaiah Thomas
FA
PG",,,--,--,--,--,--,--,--,--,--,--,--,--,0.1,0,--,--
510,"Mac McClung
Orl
SG",,,--,--,--,--,--,--,--,--,--,--,--,--,0.1,0,--,--
511,"Oso Ighodaro
Phx
PF, C",,,--,--,--,--,--,--,--,--,--,--,--,--,0.1,0,--,--
512,"Jaden Springer
Bos
SG, PG",,,--,--,--,--,--,--,--,--,--,--,--,--,0.1,0,--,--
513,"Tyler Smith
Mil
SF",,,--,--,--,--,--,--,--,--,--,--,--,--,0.1,0,--,--
514,"Antonio Reeves
NO
SG",,,--,--,--,--,--,--,--,--,--,--,--,--,0.1,0,--,--
515,"Adem Bona
Phi
C",,,--,--,--,--,--,--,--,--,--,--,--,--,0.1,0,--,--
516,"Jaylen Wells
Mem
SG",,,--,--,--,--,--,--,--,--,--,--,--,--,0.1,0,--,--
517,"Paul Zipser
Chi
SF",,,--,--,--,--,--,--,--,--,--,--,--,--,0.1,0,--,--
518,"Harrison Ingram
SA
SF",,,--,--,--,--,--,--,--,--,--,--,--,--,0.1,0,--,--
519,"MarJon Beauchamp
Mil
SG",,,--,--,--,--,--,--,--,--,--,--,--,--,0.1,0,--,--
520,"Marcus Zegarowski
Bkn
PG",,,--,--,--,--,--,--,--,--,--,--,--,--,0.1,0,--,--
521,"Patric Young
NO
C",,,--,--,--,--,--,--,--,--,--,--,--,--,0.1,0,--,--
522,"Joe Young
Ind
PG",,,--,--,--,--,--,--,--,--,--,--,--,--,0.1,0,--,--
523,"Duop Reath
Por
C",,,--,--,--,--,--,--,--,--,--,--,--,--,0.1,0,--,--
524,"Bobi Klintman
DTD
Det
PF",,,--,--,--,--,--,--,--,--,--,--,--,--,0.1,0,--,--
525,"Pelle Larsson
Mia
SG",,,--,--,--,--,--,--,--,--,--,--,--,--,0.1,0,--,--
526,"Tristen Newton
Ind
PG",,,--,--,--,--,--,--,--,--,--,--,--,--,0.1,0,--,--
527,"JD Davison
Bos
PG",,,--,--,--,--,--,--,--,--,--,--,--,--,0.1,0,--,--
528,"Rade Zagorac
Mem
SG",,,--,--,--,--,--,--,--,--,--,--,--,--,0.1,0,--,--
529,"Jonathan Mogbo
Tor
PF",,,--,--,--,--,--,--,--,--,--,--,--,--,0.1,0,--,--
530,"Haywood Highsmith
Mia
SF",,,--,--,--,--,--,--,--,--,--,--,--,--,0.1,0,--,--
531,"Moses Wright
Dal
PF",,,--,--,--,--,--,--,--,--,--,--,--,--,0.1,0,--,--
532,"AJ Green
Mil
SG",,,--,--,--,--,--,--,--,--,--,--,--,--,0.1,0,--,--
533,"Craig Porter Jr.
Cle
SG",,,--,--,--,--,--,--,--,--,--,--,--,--,0.1,0,--,--
534,"Kenneth Lofton Jr.
FA
PF",,,--,--,--,--,--,--,--,--,--,--,--,--,0.1,0,--,--
535,"Udonis Haslem
Mia
PF",,,--,--,--,--,--,--,--,--,--,--,--,--,0.1,0,--,--
536,"McKinley Wright IV
Dal
PG",,,--,--,--,--,--,--,--,--,--,--,--,--,0.1,0,--,--
537,"Jamal Shead
Tor
PG",,,--,--,--,--,--,--,--,--,--,--,--,--,0.1,0,--,--
538,"Zhou Qi
Hou
C",,,--,--,--,--,--,--,--,--,--,--,--,--,0.1,0,--,--
539,"Quinten Post
GS
C",,,--,--,--,--,--,--,--,--,--,--,--,--,0.1,0,--,--
540,"Sandro Mamukelashvili
SA
PF",,,--,--,--,--,--,--,--,--,--,--,--,--,0.1,0,--,--
541,"Ariel Hukporti
NY
C",,,--,--,--,--,--,--,--,--,--,--,--,--,0.1,0,--,--
542,"Ajay Mitchell
OKC
PG",,,--,--,--,--,--,--,--,--,--,--,--,--,0.1,0,--,--
543,"Nate Wolters
Utah
PG",,,--,--,--,--,--,--,--,--,--,--,--,--,0.1,0,--,--
544,"Robert Woodard II
OKC
SF",,,--,--,--,--,--,--,--,--,--,--,--,--,0.0,0,--,--
545,"JT Thor
Cle
PF",,,--,--,--,--,--,--,--,--,--,--,--,--,0.0,0,--,--
546,"Cassius Winston
Wsh
PG",,,--,--,--,--,--,--,--,--,--,--,--,--,0.0,0,--,--
547,"Jamal Cain
NO
SF",,,--,--,--,--,--,--,--,--,--,--,--,--,0.0,0,--,--
548,"Dalen Terry
DTD
Chi
SF, SG",,,--,--,--,--,--,--,--,--,--,--,--,--,0.0,0,--,--
549,"Colin Castleton
FA
C",,,--,--,--,--,--,--,--,--,--,--,--,--,0.0,0,--,--
550,"Kevin McCullar Jr.
O
NY
SF",,,--,--,--,--,--,--,--,--,--,--,--,--,0.0,0,--,--
551,"Nigel Hayes
Sac
SF",,,--,--,--,--,--,--,--,--,--,--,--,--,0.0,0,--,--
552,"Anton Watson
Bos
PF",,,--,--,--,--,--,--,--,--,--,--,--,--,0.0,0,--,--
553,"Zeke Nnaji
Den
PF",,,--,--,--,--,--,--,--,--,--,--,--,--,0.0,0,--,--
554,"Jock Landale
DTD
Hou
C",,,--,--,--,--,--,--,--,--,--,--,--,--,0.0,0,--,--
555,"David Roddy
Atl
PF",,,--,--,--,--,--,--,--,--,--,--,--,--,0.0,0,--,--
556,"Christian Koloko
DTD
LAL
C",,,--,--,--,--,--,--,--,--,--,--,--,--,0.0,0,--,--
557,"Adama Sanogo
Chi
C",,,--,--,--,--,--,--,--,--,--,--,--,--,0.0,0,--,--
558,"Gui Santos
GS
SF",,,--,--,--,--,--,--,--,--,--,--,--,--,0.0,0,--,--
559,"Isaiah Mobley
FA
PF",,,--,--,--,--,--,--,--,--,--,--,--,--,0.0,0,--,--
560,"Taj Gibson
Cha
PF",,,--,--,--,--,--,--,--,--,--,--,--,--,0.0,0,--,--
561,"Vit Krejci
Atl
PG",,,--,--,--,--,--,--,--,--,--,--,--,--,0.0,0,--,--
562,"Matthew Dellavedova
Sac
PG",,,--,--,--,--,--,--,--,--,--,--,--,--,0.0,0,--,--
563,"Markieff Morris
Dal
PF",,,--,--,--,--,--,--,--,--,--,--,--,--,0.0,0,--,--
564,"Satnam Singh Bhamara
Dal
C",,,--,--,--,--,--,--,--,--,--,--,--,--,0.0,0,--,--
565,"Kevin Knox II
FA
SF",,,--,--,--,--,--,--,--,--,--,--,--,--,0.0,0,--,--
566,"Kessler Edwards
DTD
Dal
SF",,,--,--,--,--,--,--,--,--,--,--,--,--,0.0,0,--,--
567,"Patrick Baldwin Jr.
Wsh
SF",,,--,--,--,--,--,--,--,--,--,--,--,--,0.0,0,--,--
568,"James Michael McAdoo
Phi
PF",,,--,--,--,--,--,--,--,--,--,--,--,--,0.0,0,--,--
569,"Blake Wesley
SA
SG",,,--,--,--,--,--,--,--,--,--,--,--,--,0.0,0,--,--
570,"Cam Spencer
O
Mem
SG",,,--,--,--,--,--,--,--,--,--,--,--,--,0.0,0,--,--
571,"Dylan Windler
FA
SF",,,--,--,--,--,--,--,--,--,--,--,--,--,0.0,0,--,--
572,"Cam Christie
LAC
SG",,,--,--,--,--,--,--,--,--,--,--,--,--,0.0,0,--,--
573,"Keita Bates-Diop
FA
SF",,,--,--,--,--,--,--,--,--,--,--,--,--,0.0,0,--,--
574,"Sharife Cooper
FA
PG",,,--,--,--,--,--,--,--,--,--,--,--,--,0.0,0,--,--
575,"Jamil Wilson
LAC
PF",,,--,--,--,--,--,--,--,--,--,--,--,--,0.0,0,--,--
576,"Rakeem Christmas
Ind
PF",,,--,--,--,--,--,--,--,--,--,--,--,--,0.0,0,--,--
577,"Mike James
Bkn
PG",,,--,--,--,--,--,--,--,--,--,--,--,--,0.0,0,--,--
578,"Oscar Tshiebwe
Utah
C",,,--,--,--,--,--,--,--,--,--,--,--,--,0.0,0,--,--
579,"Anthony Brown
Phi
SF",,,--,--,--,--,--,--,--,--,--,--,--,--,0.0,0,--,--
580,"Monta Ellis
Ind
SG",,,--,--,--,--,--,--,--,--,--,--,--,--,0.0,0,--,--
581,"C.J. Williams
Bkn
SF",,,--,--,--,--,--,--,--,--,--,--,--,--,0.0,0,--,--
582,"Ulrich Chomche
Tor
C",,,--,--,--,--,--,--,--,--,--,--,--,--,0.0,0,--,--
583,"Ty Jerome
Cle
PG",,,--,--,--,--,--,--,--,--,--,--,--,--,0.0,0,--,--
584,"Jack White
FA
SF",,,--,--,--,--,--,--,--,--,--,--,--,--,0.0,0,--,--
585,"Matt Ryan
FA
SF",,,--,--,--,--,--,--,--,--,--,--,--,--,0.0,0,--,--
586,"Enrique Freeman
Ind
PF",,,--,--,--,--,--,--,--,--,--,--,--,--,0.0,0,--,--
587,"Cat Barber
Atl
PG",,,--,--,--,--,--,--,--,--,--,--,--,--,0.0,0,--,--
588,"Quinn Cook
Sac
PG",,,--,--,--,--,--,--,--,--,--,--,--,--,0.0,0,--,--
589,"Wendell Moore Jr.
Det
SF",,,--,--,--,--,--,--,--,--,--,--,--,--,0.0,0,--,--
590,"Ron Baker
Wsh
SG",,,--,--,--,--,--,--,--,--,--,--,--,--,0.0,0,--,--
591,"Malik Williams
Mia
C",,,--,--,--,--,--,--,--,--,--,--,--,--,0.0,0,--,--
592,"Alan Williams
Bkn
PF",,,--,--,--,--,--,--,--,--,--,--,--,--,0.0,0,--,--
593,"Brandon Williams
Dal
PG",,,--,--,--,--,--,--,--,--,--,--,--,--,0.0,0,--,--
594,"J.J. Barea
Dal
PG",,,--,--,--,--,--,--,--,--,--,--,--,--,0.0,0,--,--
595,"Svi Mykhailiuk
Utah
SG",,,--,--,--,--,--,--,--,--,--,--,--,--,0.0,0,--,--
596,"Dominick Barlow
DTD
Atl
PF, C",,,--,--,--,--,--,--,--,--,--,--,--,--,0.0,0,--,--
597,"Jabari Brown
Mil
SG",,,--,--,--,--,--,--,--,--,--,--,--,--,0.0,0,--,--
598,"Johnathan Williams
Wsh
C",,,--,--,--,--,--,--,--,--,--,--,--,--,0.0,0,--,--
599,"Trey Jemison
NO
C",,,--,--,--,--,--,--,--,--,--,--,--,--,0.0,0,--,--
600,"Wenyen Gabriel
FA
SF, PF",,,--,--,--,--,--,--,--,--,--,--,--,--,0.0,0,--,--
601,"Vlatko Cancar
Den
SF",,,--,--,--,--,--,--,--,--,--,--,--,--,0.0,0,--,--
602,"James Webb III
Bkn
PF",,,--,--,--,--,--,--,--,--,--,--,--,--,0.0,0,--,--
603,"Anthony Tolliver
NO
PF",,,--,--,--,--,--,--,--,--,--,--,--,--,0.0,0,--,--
604,"Troy Williams
Sac
SF",,,--,--,--,--,--,--,--,--,--,--,--,--,0.0,0,--,--
605,"Jarron Cumberland
Por
SG",,,--,--,--,--,--,--,--,--,--,--,--,--,0.0,0,--,--
606,"Bruno Fernando
Tor
C",,,--,--,--,--,--,--,--,--,--,--,--,--,0.0,0,--,--
607,"Walt Lemon Jr.
Ind
PG",,,--,--,--,--,--,--,--,--,--,--,--,--,0.0,0,--,--
608,"Collin Gillespie
Phx
PG",,,--,--,--,--,--,--,--,--,--,--,--,--,0.0,0,--,--
609,"Orlando Robinson
DTD
Sac
C",,,--,--,--,--,--,--,--,--,--,--,--,--,0.0,0,--,--
610,"Ish Wainright
FA
PF, SF",,,--,--,--,--,--,--,--,--,--,--,--,--,0.0,0,--,--
611,"Shabazz Muhammad
Mil
SF",,,--,--,--,--,--,--,--,--,--,--,--,--,0.0,0,--,--
612,"Jacob Wiley
Bkn
SF",,,--,--,--,--,--,--,--,--,--,--,--,--,0.0,0,--,--
613,"Brandon Boston Jr.
FA
SG",,,--,--,--,--,--,--,--,--,--,--,--,--,0.0,0,--,--
614,"Mindaugas Kuzminskas
NY
PF",,,--,--,--,--,--,--,--,--,--,--,--,--,0.0,0,--,--
615,"Sim Bhullar
Sac
C",,,--,--,--,--,--,--,--,--,--,--,--,--,0.0,0,--,--
616,"Brad Wanamaker
Wsh
PG",,,--,--,--,--,--,--,--,--,--,--,--,--,0.0,0,--,--
617,"Shaquille Harrison
Mem
SG, PG",,,--,--,--,--,--,--,--,--,--,--,--,--,0.0,0,--,--
618,"Dee Bost
FA
PG",,,--,--,--,--,--,--,--,--,--,--,--,--,0.0,0,--,--
619,"Olivier Sarr
O
FA
C",,,--,--,--,--,--,--,--,--,--,--,--,--,0.0,0,--,--
620,"Joel Bolomboy
Mil
PF",,,--,--,--,--,--,--,--,--,--,--,--,--,0.0,0,--,--
621,"Udoka Azubuike
FA
C",,,--,--,--,--,--,--,--,--,--,--,--,--,0.0,0,--,--
622,"James Nunnally
NO
SG",,,--,--,--,--,--,--,--,--,--,--,--,--,0.0,0,--,--
623,"Harry Giles III
FA
PF, C",,,--,--,--,--,--,--,--,--,--,--,--,--,0.0,0,--,--
624,"Andrew White III
NY
SG",,,--,--,--,--,--,--,--,--,--,--,--,--,0.0,0,--,--
625,"David Stockton
FA
PG",,,--,--,--,--,--,--,--,--,--,--,--,--,0.0,0,--,--
626,"Bryce Cotton
Mem
SG",,,--,--,--,--,--,--,--,--,--,--,--,--,0.0,0,--,--
627,"Meyers Leonard
Mil
C",,,--,--,--,--,--,--,--,--,--,--,--,--,0.0,0,--,--
628,"Anthony Gill
Wsh
PF",,,--,--,--,--,--,--,--,--,--,--,--,--,0.0,0,--,--
629,"Okaro White
Wsh
PF",,,--,--,--,--,--,--,--,--,--,--,--,--,0.0,0,--,--
630,"DJ Stephens
Mem
SG",,,--,--,--,--,--,--,--,--,--,--,--,--,0.0,0,--,--
631,"K.J. Simpson
Cha
PG",,,--,--,--,--,--,--,--,--,--,--,--,--,0.0,0,--,--
632,"Frank Ntilikina
FA
PG",,,--,--,--,--,--,--,--,--,--,--,--,--,0.0,0,--,--
633,"Zoran Dragic
Bos
SG",,,--,--,--,--,--,--,--,--,--,--,--,--,0.0,0,--,--
634,"Kent Bazemore
Sac
SG",,,--,--,--,--,--,--,--,--,--,--,--,--,0.0,0,--,--
635,"DeVaughn Akoon-Purcell
OKC
SG",,,--,--,--,--,--,--,--,--,--,--,--,--,0.0,0,--,--
636,"Jay Huff
Mem
C",,,--,--,--,--,--,--,--,--,--,--,--,--,0.0,0,--,--
637,"Shawn Long
Hou
PF",,,--,--,--,--,--,--,--,--,--,--,--,--,0.0,0,--,--
638,"Tony Bradley
FA
C",,,--,--,--,--,--,--,--,--,--,--,--,--,0.0,0,--,--
639,"Lamar Stevens
FA
SF",,,--,--,--,--,--,--,--,--,--,--,--,--,0.0,0,--,--
640,"Keon Johnson
Bkn
SG",,,--,--,--,--,--,--,--,--,--,--,--,--,0.0,0,--,--
641,"Cleanthony Early
NY
SF",,,--,--,--,--,--,--,--,--,--,--,--,--,0.0,0,--,--
642,"Vander Blue
LAL
SG",,,--,--,--,--,--,--,--,--,--,--,--,--,0.0,0,--,--
643,"Drew Gordon
Phi
PF",,,--,--,--,--,--,--,--,--,--,--,--,--,0.0,0,--,--
644,"Georgios Papagiannis
Por
C",,,--,--,--,--,--,--,--,--,--,--,--,--,0.0,0,--,--
645,"Lester Quinones
Phi
SG",,,--,--,--,--,--,--,--,--,--,--,--,--,0.0,0,--,--
646,"Ryan Arcidiacono
FA
PG",,,--,--,--,--,--,--,--,--,--,--,--,--,0.0,0,--,--
647,"Naz Mitrou-Long
Ind
SG",,,--,--,--,--,--,--,--,--,--,--,--,--,0.0,0,--,--
648,"Matt Williams Jr.
Mia
SG",,,--,--,--,--,--,--,--,--,--,--,--,--,0.0,0,--,--
649,"Lance Thomas
Bkn
PF",,,--,--,--,--,--,--,--,--,--,--,--,--,0.0,0,--,--
650,"Shane Larkin
Bos
PG",,,--,--,--,--,--,--,--,--,--,--,--,--,0.0,0,--,--
651,"Nikola Radicevic
Den
PG",,,--,--,--,--,--,--,--,--,--,--,--,--,0.0,0,--,--
652,"Skylar Mays
Min
SG, PG",,,--,--,--,--,--,--,--,--,--,--,--,--,0.0,0,--,--
653,"Melvin Ajinca
FA
SG",,,--,--,--,--,--,--,--,--,--,--,--,--,0.0,0,--,--
654,"Admiral Schofield
FA
SF",,,--,--,--,--,--,--,--,--,--,--,--,--,0.0,0,--,--
655,"Javon Freeman-Liberty
FA
PG",,,--,--,--,--,--,--,--,--,--,--,--,--,0.0,0,--,--
656,"Aaron White
Wsh
SF",,,--,--,--,--,--,--,--,--,--,--,--,--,0.0,0,--,--
657,"Chasson Randle
FA
PG",,,--,--,--,--,--,--,--,--,--,--,--,--,0.0,0,--,--
658,"Hollis Thompson
Sac
SF",,,--,--,--,--,--,--,--,--,--,--,--,--,0.0,0,--,--
659,"Cristiano Felicio
Chi
C",,,--,--,--,--,--,--,--,--,--,--,--,--,0.0,0,--,--
660,"Shayne Whittington
Ind
C",,,--,--,--,--,--,--,--,--,--,--,--,--,0.0,0,--,--
661,"Cameron Bairstow
Det
PF",,,--,--,--,--,--,--,--,--,--,--,--,--,0.0,0,--,--
662,"Xavier Rathan-Mayes
NY
PG",,,--,--,--,--,--,--,--,--,--,--,--,--,0.0,0,--,--
663,"Cliff Alexander
NO
PF",,,--,--,--,--,--,--,--,--,--,--,--,--,0.0,0,--,--
664,"Jameel Warney
Dal
PF",,,--,--,--,--,--,--,--,--,--,--,--,--,0.0,0,--,--
665,"Derrick Walton Jr.
Det
PG",,,--,--,--,--,--,--,--,--,--,--,--,--,0.0,0,--,--
666,"Micah Potter
Utah
C",,,--,--,--,--,--,--,--,--,--,--,--,--,0.0,0,--,--
667,"E.J. Liddell
Chi
PF",,,--,--,--,--,--,--,--,--,--,--,--,--,0.0,0,--,--
668,"Moussa Diabate
Cha
PF",,,--,--,--,--,--,--,--,--,--,--,--,--,0.0,0,--,--
669,"Alec Brown
FA
C",,,--,--,--,--,--,--,--,--,--,--,--,--,0.0,0,--,--
670,"Justin Champagnie
Wsh
SF",,,--,--,--,--,--,--,--,--,--,--,--,--,0.0,0,--,--
671,"Will Cherry
GS
SG",,,--,--,--,--,--,--,--,--,--,--,--,--,0.0,0,--,--
672,"Greg Whittington
Den
SF",,,--,--,--,--,--,--,--,--,--,--,--,--,0.0,0,--,--
673,"Julian Washburn
GS
SF",,,--,--,--,--,--,--,--,--,--,--,--,--,0.0,0,--,--
674,"Coty Clarke
Bos
PF",,,--,--,--,--,--,--,--,--,--,--,--,--,0.0,0,--,--
675,"Noah Vonleh
SA
PF",,,--,--,--,--,--,--,--,--,--,--,--,--,0.0,0,--,--
676,"Tyler Davis
OKC
C",,,--,--,--,--,--,--,--,--,--,--,--,--,0.0,0,--,--
677,"Killian Tillie
Mem
C",,,--,--,--,--,--,--,--,--,--,--,--,--,0.0,0,--,--
678,"Phil Pressey
GS
PG",,,--,--,--,--,--,--,--,--,--,--,--,--,0.0,0,--,--
679,"Tyler Ennis
LAL
PG",,,--,--,--,--,--,--,--,--,--,--,--,--,0.0,0,--,--
680,"Joel Berry II
LAL
PG",,,--,--,--,--,--,--,--,--,--,--,--,--,0.0,0,--,--
681,"Tyler Johnson
SA
PG",,,--,--,--,--,--,--,--,--,--,--,--,--,0.0,0,--,--
682,"DeAndre Daniels
FA
SF",,,--,--,--,--,--,--,--,--,--,--,--,--,0.0,0,--,--
683,"Kobi Simmons
FA
PG",,,--,--,--,--,--,--,--,--,--,--,--,--,0.0,0,--,--
684,"Jalen Jones
Wsh
SF",,,--,--,--,--,--,--,--,--,--,--,--,--,0.0,0,--,--
685,"Joe Wieskamp
Dal
SF",,,--,--,--,--,--,--,--,--,--,--,--,--,0.0,0,--,--
686,"Marshall Plumlee
Mil
C",,,--,--,--,--,--,--,--,--,--,--,--,--,0.0,0,--,--
687,"Bonzie Colson
Mil
PF",,,--,--,--,--,--,--,--,--,--,--,--,--,0.0,0,--,--
688,"Mangok Mathiang
Cha
PF",,,--,--,--,--,--,--,--,--,--,--,--,--,0.0,0,--,--
689,"Kyle Collinsworth
Utah
SG",,,--,--,--,--,--,--,--,--,--,--,--,--,0.0,0,--,--
690,"Devin Cannady
Orl
PG",,,--,--,--,--,--,--,--,--,--,--,--,--,0.0,0,--,--
691,"Dru Smith
Mia
PG",,,--,--,--,--,--,--,--,--,--,--,--,--,0.0,0,--,--
692,"Keith Appling
Orl
PG",,,--,--,--,--,--,--,--,--,--,--,--,--,0.0,0,--,--
693,"Eric Atkins
Utah
PG",,,--,--,--,--,--,--,--,--,--,--,--,--,0.0,0,--,--
694,"Pierre Jackson
Dal
PG",,,--,--,--,--,--,--,--,--,--,--,--,--,0.0,0,--,--
695,"Mitchell Watt
FA
PF",,,--,--,--,--,--,--,--,--,--,--,--,--,0.0,0,--,--
696,"Zylan Cheatham
FA
SF",,,--,--,--,--,--,--,--,--,--,--,--,--,0.0,0,--,--
697,"BJ Johnson
Orl
SF",,,--,--,--,--,--,--,--,--,--,--,--,--,0.0,0,--,--
698,"Luke Travers
Cle
SG",,,--,--,--,--,--,--,--,--,--,--,--,--,0.0,0,--,--
699,"Brice Johnson
Det
PF",,,--,--,--,--,--,--,--,--,--,--,--,--,0.0,0,--,--
700,"Jordan Mickey
Mia
PF",,,--,--,--,--,--,--,--,--,--,--,--,--,0.0,0,--,--
701,"Mason Jones
Sac
SG",,,--,--,--,--,--,--,--,--,--,--,--,--,0.0,0,--,--
702,"Diamond Stone
Chi
C",,,--,--,--,--,--,--,--,--,--,--,--,--,0.0,0,--,--
703,"Kevin Pangos
Cle
PG",,,--,--,--,--,--,--,--,--,--,--,--,--,0.0,0,--,--
704,"Richard Solomon
OKC
PF",,,--,--,--,--,--,--,--,--,--,--,--,--,0.0,0,--,--
705,"Dimitrios Agravanis
Sac
PF",,,--,--,--,--,--,--,--,--,--,--,--,--,0.0,0,--,--
706,"Dwight Buycks
Det
PG",,,--,--,--,--,--,--,--,--,--,--,--,--,0.0,0,--,--
707,"Carlik Jones
Chi
PG",,,--,--,--,--,--,--,--,--,--,--,--,--,0.0,0,--,--
708,"Tim Frazier
Cle
PG",,,--,--,--,--,--,--,--,--,--,--,--,--,0.0,0,--,--
709,"Jarrod Uthoff
NO
PF",,,--,--,--,--,--,--,--,--,--,--,--,--,0.0,0,--,--
710,"Alec Peters
Phx
PF",,,--,--,--,--,--,--,--,--,--,--,--,--,0.0,0,--,--
711,"Aaron Craft
FA
SG",,,--,--,--,--,--,--,--,--,--,--,--,--,0.0,0,--,--
712,"Marques Bolden
FA
C",,,--,--,--,--,--,--,--,--,--,--,--,--,0.0,0,--,--
713,"MarShon Brooks
Chi
SG",,,--,--,--,--,--,--,--,--,--,--,--,--,0.0,0,--,--
714,"Larry Drew II
Det
SG",,,--,--,--,--,--,--,--,--,--,--,--,--,0.0,0,--,--
715,"Stanley Umude
Mil
SG, SF",,,--,--,--,--,--,--,--,--,--,--,--,--,0.0,0,--,--
716,"Terry Taylor
FA
PF, C",,,--,--,--,--,--,--,--,--,--,--,--,--,0.0,0,--,--
717,"Willie Reed
Chi
C",,,--,--,--,--,--,--,--,--,--,--,--,--,0.0,0,--,--
718,"Chris Johnson
Hou
SF",,,--,--,--,--,--,--,--,--,--,--,--,--,0.0,0,--,--
719,"Davon Reed
LAL
SG",,,--,--,--,--,--,--,--,--,--,--,--,--,0.0,0,--,--
720,"Aron Baynes
Tor
C",,,--,--,--,--,--,--,--,--,--,--,--,--,0.0,0,--,--
721,"Chris McCullough
Det
PF",,,--,--,--,--,--,--,--,--,--,--,--,--,0.0,0,--,--
722,"Michael Cobbins
OKC
PF",,,--,--,--,--,--,--,--,--,--,--,--,--,0.0,0,--,--
723,"Brandon Goodwin
Cle
PG",,,--,--,--,--,--,--,--,--,--,--,--,--,0.0,0,--,--
724,"Jaylen Adams
Mil
PG",,,--,--,--,--,--,--,--,--,--,--,--,--,0.0,0,--,--
725,"Briante Weber
Mia
PG",,,--,--,--,--,--,--,--,--,--,--,--,--,0.0,0,--,--
726,"Dakari Johnson
Mem
C",,,--,--,--,--,--,--,--,--,--,--,--,--,0.0,0,--,--
727,"Ibou Badji
Por
C",,,--,--,--,--,--,--,--,--,--,--,--,--,0.0,0,--,--
728,"Semaj Christon
OKC
PG",,,--,--,--,--,--,--,--,--,--,--,--,--,0.0,0,--,--
729,"Marcelo Huertas
Hou
PG",,,--,--,--,--,--,--,--,--,--,--,--,--,0.0,0,--,--
730,"Jorge Gutierrez
Den
PG",,,--,--,--,--,--,--,--,--,--,--,--,--,0.0,0,--,--
731,"Wesley Matthews
FA
SF",,,--,--,--,--,--,--,--,--,--,--,--,--,0.0,0,--,--
732,"Tosan Evbuomwan
FA
SF",,,--,--,--,--,--,--,--,--,--,--,--,--,0.0,0,--,--
733,"Lorenzo Brown
Tor
SG",,,--,--,--,--,--,--,--,--,--,--,--,--,0.0,0,--,--
734,"Alfonzo McKinnie
Chi
SF",,,--,--,--,--,--,--,--,--,--,--,--,--,0.0,0,--,--
735,"Allonzo Trier
NY
SG",,,--,--,--,--,--,--,--,--,--,--,--,--,0.0,0,--,--
736,"Luka Mitrovic
Phi
SF",,,--,--,--,--,--,--,--,--,--,--,--,--,0.0,0,--,--
737,"Zavier Simpson
FA
PG",,,--,--,--,--,--,--,--,--,--,--,--,--,0.0,0,--,--
738,"Rayjon Tucker
Mil
SF",,,--,--,--,--,--,--,--,--,--,--,--,--,0.0,0,--,--
739,"Ryan Broekhoff
Phi
SG",,,--,--,--,--,--,--,--,--,--,--,--,--,0.0,0,--,--
740,"Lucas Nogueira
Tor
C",,,--,--,--,--,--,--,--,--,--,--,--,--,0.0,0,--,--
741,"David Duke Jr.
SA
SG",,,--,--,--,--,--,--,--,--,--,--,--,--,0.0,0,--,--
742,"Isaac Humphries
Orl
C",,,--,--,--,--,--,--,--,--,--,--,--,--,0.0,0,--,--
743,"Keljin Blevins
Por
SF",,,--,--,--,--,--,--,--,--,--,--,--,--,0.0,0,--,--
744,"Alex Poythress
Atl
PF",,,--,--,--,--,--,--,--,--,--,--,--,--,0.0,0,--,--
745,"Vince Hunter
Mem
PF",,,--,--,--,--,--,--,--,--,--,--,--,--,0.0,0,--,--
746,"Devontae Cacok
Por
C",,,--,--,--,--,--,--,--,--,--,--,--,--,0.0,0,--,--
747,"Chris Clemons
Atl
PG",,,--,--,--,--,--,--,--,--,--,--,--,--,0.0,0,--,--
748,"Yam Madar
Bos
PG",,,--,--,--,--,--,--,--,--,--,--,--,--,0.0,0,--,--
749,"Russ Smith
Mem
PG",,,--,--,--,--,--,--,--,--,--,--,--,--,0.0,0,--,--
750,"Daishen Nix
Min
PG",,,--,--,--,--,--,--,--,--,--,--,--,--,0.0,0,--,--
751,"Jared Harper
NO
PG",,,--,--,--,--,--,--,--,--,--,--,--,--,0.0,0,--,--
752,"Bryce McGowens
Por
SG",,,--,--,--,--,--,--,--,--,--,--,--,--,0.0,0,--,--
753,"Troy Brown Jr.
FA
SF",,,--,--,--,--,--,--,--,--,--,--,--,--,0.0,0,--,--
754,"Kendall Brown
FA
SF",,,--,--,--,--,--,--,--,--,--,--,--,--,0.0,0,--,--
755,"Jay Scrubb
FA
SG",,,--,--,--,--,--,--,--,--,--,--,--,--,0.0,0,--,--
756,"Xavier Sneed
Cha
SF",,,--,--,--,--,--,--,--,--,--,--,--,--,0.0,0,--,--
757,"Adreian Payne
Orl
PF",,,--,--,--,--,--,--,--,--,--,--,--,--,0.0,0,--,--
758,"Tyler Harvey
Mem
SG",,,--,--,--,--,--,--,--,--,--,--,--,--,0.0,0,--,--
759,"Edy Tavares
Cle
C",,,--,--,--,--,--,--,--,--,--,--,--,--,0.0,0,--,--
760,"Isaiah Cousins
Utah
SG",,,--,--,--,--,--,--,--,--,--,--,--,--,0.0,0,--,--
761,"Tyler Cook
Chi
PF",,,--,--,--,--,--,--,--,--,--,--,--,--,0.0,0,--,--
762,"Alex Kirk
Cle
C",,,--,--,--,--,--,--,--,--,--,--,--,--,0.0,0,--,--
763,"Troy Daniels
Den
SG",,,--,--,--,--,--,--,--,--,--,--,--,--,0.0,0,--,--
764,"Eric Mika
Sac
C",,,--,--,--,--,--,--,--,--,--,--,--,--,0.0,0,--,--
765,"Ben Moore
SA
PF",,,--,--,--,--,--,--,--,--,--,--,--,--,0.0,0,--,--
766,"Chinanu Onuaku
Por
PF",,,--,--,--,--,--,--,--,--,--,--,--,--,0.0,0,--,--
767,"Nikola Milutinov
SA
C",,,--,--,--,--,--,--,--,--,--,--,--,--,0.0,0,--,--
768,"Nicolo Melli
Dal
PF",,,--,--,--,--,--,--,--,--,--,--,--,--,0.0,0,--,--
769,"Tyler Cavanaugh
Utah
PF",,,--,--,--,--,--,--,--,--,--,--,--,--,0.0,0,--,--
770,"Joe Chealey
Cha
PG",,,--,--,--,--,--,--,--,--,--,--,--,--,0.0,0,--,--
771,"Salah Mejri
Dal
C",,,--,--,--,--,--,--,--,--,--,--,--,--,0.0,0,--,--
772,"Ben Bentil
Dal
PF",,,--,--,--,--,--,--,--,--,--,--,--,--,0.0,0,--,--
773,"Josh Gray
Bkn
PG",,,--,--,--,--,--,--,--,--,--,--,--,--,0.0,0,--,--
774,"Luka Samanic
FA
PF",,,--,--,--,--,--,--,--,--,--,--,--,--,0.0,0,--,--
775,"Greg Brown III
FA
PF",,,--,--,--,--,--,--,--,--,--,--,--,--,0.0,0,--,--
776,"Damien Inglis
NY
SF",,,--,--,--,--,--,--,--,--,--,--,--,--,0.0,0,--,--
777,"Lamar Patterson
Atl
SG",,,--,--,--,--,--,--,--,--,--,--,--,--,0.0,0,--,--
778,"Malcolm Miller
Tor
SF",,,--,--,--,--,--,--,--,--,--,--,--,--,0.0,0,--,--
779,"Damjan Rudez
Orl
SF",,,--,--,--,--,--,--,--,--,--,--,--,--,0.0,0,--,--
780,"Alpha Kaba
Atl
PF",,,--,--,--,--,--,--,--,--,--,--,--,--,0.0,0,--,--
781,"Nathan Knight
Bos
C",,,--,--,--,--,--,--,--,--,--,--,--,--,0.0,0,--,--
782,"Michael Gbinije
GS
SG",,,--,--,--,--,--,--,--,--,--,--,--,--,0.0,0,--,--
783,"Gabriel Deck
OKC
SF",,,--,--,--,--,--,--,--,--,--,--,--,--,0.0,0,--,--
784,"Jarnell Stokes
Mem
PF",,,--,--,--,--,--,--,--,--,--,--,--,--,0.0,0,--,--
785,"Amida Brimah
Den
C",,,--,--,--,--,--,--,--,--,--,--,--,--,0.0,0,--,--
786,"Jordan Loyd
Tor
PG",,,--,--,--,--,--,--,--,--,--,--,--,--,0.0,0,--,--
787,"London Perrantes
Por
PG",,,--,--,--,--,--,--,--,--,--,--,--,--,0.0,0,--,--
788,"Olivier Hanlan
SA
PG",,,--,--,--,--,--,--,--,--,--,--,--,--,0.0,0,--,--
789,"David Johnson
Mem
PG",,,--,--,--,--,--,--,--,--,--,--,--,--,0.0,0,--,--
790,"Juan Nunez
FA
PG",,,--,--,--,--,--,--,--,--,--,--,--,--,0.0,0,--,--
791,"Onuralp Bitim
FA
SF",,,--,--,--,--,--,--,--,--,--,--,--,--,0.0,0,--,--
792,"DaQuan Jeffries
O
Cha
SG",,,--,--,--,--,--,--,--,--,--,--,--,--,0.0,0,--,--
793,"Jamaree Bouyea
FA
PG",,,--,--,--,--,--,--,--,--,--,--,--,--,0.0,0,--,--
794,"Devin Robinson
Tor
SF",,,--,--,--,--,--,--,--,--,--,--,--,--,0.0,0,--,--
795,"Xavier Moon
FA
PG",,,--,--,--,--,--,--,--,--,--,--,--,--,0.0,0,--,--
796,"Branden Dawson
Orl
SF",,,--,--,--,--,--,--,--,--,--,--,--,--,0.0,0,--,--
797,"Kennedy Chandler
FA
PG",,,--,--,--,--,--,--,--,--,--,--,--,--,0.0,0,--,--
798,"Marcus Thornton
Cle
SG",,,--,--,--,--,--,--,--,--,--,--,--,--,0.0,0,--,--
799,"Jonathon Simmons
Wsh
SF",,,--,--,--,--,--,--,--,--,--,--,--,--,0.0,0,--,--
800,"Zach Norvell Jr.
Chi
SG",,,--,--,--,--,--,--,--,--,--,--,--,--,0.0,0,--,--
801,"Jamel Artis
LAC
SG",,,--,--,--,--,--,--,--,--,--,--,--,--,0.0,0,--,--
802,"A.J. Lawson
FA
SG",,,--,--,--,--,--,--,--,--,--,--,--,--,0.0,0,--,--
803,"Vincent Poirier
NY
C",,,--,--,--,--,--,--,--,--,--,--,--,--,0.0,0,--,--
804,"Jacob Gilyard
FA
PG",,,--,--,--,--,--,--,--,--,--,--,--,--,0.0,0,--,--
805,"Josh Huestis
SA
SF",,,--,--,--,--,--,--,--,--,--,--,--,--,0.0,0,--,--
806,"Javin DeLaurier
Mil
C",,,--,--,--,--,--,--,--,--,--,--,--,--,0.0,0,--,--
807,"Daniel Ochefu
Wsh
PF",,,--,--,--,--,--,--,--,--,--,--,--,--,0.0,0,--,--
808,"Yogi Ferrell
LAC
SG",,,--,--,--,--,--,--,--,--,--,--,--,--,0.0,0,--,--
809,"Malcolm Delaney
Atl
PG",,,--,--,--,--,--,--,--,--,--,--,--,--,0.0,0,--,--
810,"Duje Dukan
Sac
PF",,,--,--,--,--,--,--,--,--,--,--,--,--,0.0,0,--,--
811,"Angel Delgado
LAC
C",,,--,--,--,--,--,--,--,--,--,--,--,--,0.0,0,--,--
812,"Jon Teske
Mem
C",,,--,--,--,--,--,--,--,--,--,--,--,--,0.0,0,--,--
813,"Armoni Brooks
Bkn
PG",,,--,--,--,--,--,--,--,--,--,--,--,--,0.0,0,--,--
814,"Matt Costello
SA
PF",,,--,--,--,--,--,--,--,--,--,--,--,--,0.0,0,--,--
815,"Antonio Blakeney
Chi
SG",,,--,--,--,--,--,--,--,--,--,--,--,--,0.0,0,--,--
816,"Ryan Rollins
Mil
SG",,,--,--,--,--,--,--,--,--,--,--,--,--,0.0,0,--,--
817,"Maurice Ndour
NY
SF",,,--,--,--,--,--,--,--,--,--,--,--,--,0.0,0,--,--
818,"Treveon Graham
Mil
SF",,,--,--,--,--,--,--,--,--,--,--,--,--,0.0,0,--,--
819,"Justin Jackson
Orl
SF",,,--,--,--,--,--,--,--,--,--,--,--,--,0.0,0,--,--
820,"J.J. O'Brien
Mil
SF",,,--,--,--,--,--,--,--,--,--,--,--,--,0.0,0,--,--
821,"Deng Adel
Bkn
SF",,,--,--,--,--,--,--,--,--,--,--,--,--,0.0,0,--,--
822,"JaKarr Sampson
Ind
PF",,,--,--,--,--,--,--,--,--,--,--,--,--,0.0,0,--,--
823,"Jordan Adams
Mem
SG",,,--,--,--,--,--,--,--,--,--,--,--,--,0.0,0,--,--
824,"Darrun Hilliard
SA
SF",,,--,--,--,--,--,--,--,--,--,--,--,--,0.0,0,--,--
825,"Romeo Langford
Utah
SG",,,--,--,--,--,--,--,--,--,--,--,--,--,0.0,0,--,--
826,"Mfiondu Kabengele
Bos
PF",,,--,--,--,--,--,--,--,--,--,--,--,--,0.0,0,--,--
827,"Amile Jefferson
Bos
PF",,,--,--,--,--,--,--,--,--,--,--,--,--,0.0,0,--,--
828,"Mike Tobey
Cha
C",,,--,--,--,--,--,--,--,--,--,--,--,--,0.0,0,--,--
829,"Johnathan Motley
Phx
PF",,,--,--,--,--,--,--,--,--,--,--,--,--,0.0,0,--,--
830,"Joel Ayayi
Wsh
PG",,,--,--,--,--,--,--,--,--,--,--,--,--,0.0,0,--,--
831,"Chance Comanche
Sac
C",,,--,--,--,--,--,--,--,--,--,--,--,--,0.0,0,--,--
832,"Eric Moreland
OKC
PF",,,--,--,--,--,--,--,--,--,--,--,--,--,0.0,0,--,--
833,"Duane Washington Jr.
Cha
PG",,,--,--,--,--,--,--,--,--,--,--,--,--,0.0,0,--,--
834,"Jamorko Pickett
Den
PF",,,--,--,--,--,--,--,--,--,--,--,--,--,0.0,0,--,--
835,"Marcus Paige
Cha
PG",,,--,--,--,--,--,--,--,--,--,--,--,--,0.0,0,--,--
836,"Gary Clark
NO
PF",,,--,--,--,--,--,--,--,--,--,--,--,--,0.0,0,--,--
837,"Kay Felder
Tor
PG",,,--,--,--,--,--,--,--,--,--,--,--,--,0.0,0,--,--
838,"Eugene Omoruyi
FA
SF",,,--,--,--,--,--,--,--,--,--,--,--,--,0.0,0,--,--
839,"Theo Maledon
Phx
PG",,,--,--,--,--,--,--,--,--,--,--,--,--,0.0,0,--,--
840,"Louis Labeyrie
FA
PF",,,--,--,--,--,--,--,--,--,--,--,--,--,0.0,0,--,--
841,"J.P. Tokoto
NY
SG",,,--,--,--,--,--,--,--,--,--,--,--,--,0.0,0,--,--
842,"Juhann Begarin
Bos
SG",,,--,--,--,--,--,--,--,--,--,--,--,--,0.0,0,--,--
843,"Matt Mooney
NY
SG",,,--,--,--,--,--,--,--,--,--,--,--,--,0.0,0,--,--
844,"Langston Galloway
Ind
SG",,,--,--,--,--,--,--,--,--,--,--,--,--,0.0,0,--,--
845,"Trey McKinney-Jones
Ind
SG",,,--,--,--,--,--,--,--,--,--,--,--,--,0.0,0,--,--
846,"Jaime Echenique
Wsh
C",,,--,--,--,--,--,--,--,--,--,--,--,--,0.0,0,--,--
847,"Rashad Vaughn
Dal
SF",,,--,--,--,--,--,--,--,--,--,--,--,--,0.0,0,--,--
848,"Gian Clavell
Dal
SG",,,--,--,--,--,--,--,--,--,--,--,--,--,0.0,0,--,--
849,"Theo Pinson
Dal
SG",,,--,--,--,--,--,--,--,--,--,--,--,--,0.0,0,--,--
850,"Myke Henry
OKC
SF",,,--,--,--,--,--,--,--,--,--,--,--,--,0.0,0,--,--
851,"Nicolas Laprovittola
SA
SG",,,--,--,--,--,--,--,--,--,--,--,--,--,0.0,0,--,--
852,"AJ Hammons
Mia
C",,,--,--,--,--,--,--,--,--,--,--,--,--,0.0,0,--,--
853,"Mitchell Creek
Min
SF",,,--,--,--,--,--,--,--,--,--,--,--,--,0.0,0,--,--
854,"Eric Griffin
Utah
SF",,,--,--,--,--,--,--,--,--,--,--,--,--,0.0,0,--,--
855,"Jeff Dowtin Jr.
Phi
PG",,,--,--,--,--,--,--,--,--,--,--,--,--,0.0,0,--,--
856,"Josh Magette
Orl
PG",,,--,--,--,--,--,--,--,--,--,--,--,--,0.0,0,--,--
857,"Ognjen Jaramaz
NY
PG",,,--,--,--,--,--,--,--,--,--,--,--,--,0.0,0,--,--
858,"Alize Johnson
SA
PF",,,--,--,--,--,--,--,--,--,--,--,--,--,0.0,0,--,--
859,"Grant Jerrett
Por
PF",,,--,--,--,--,--,--,--,--,--,--,--,--,0.0,0,--,--
860,"D.J. Carton
Tor
PG",,,--,--,--,--,--,--,--,--,--,--,--,--,0.0,0,--,--
861,"Cody Demps
Sac
PG",,,--,--,--,--,--,--,--,--,--,--,--,--,0.0,0,--,--
862,"JaQuori McLaughlin
Dal
PG",,,--,--,--,--,--,--,--,--,--,--,--,--,0.0,0,--,--
863,"Jordan Nwora
FA
SF",,,--,--,--,--,--,--,--,--,--,--,--,--,0.0,0,--,--
864,"Keifer Sykes
Ind
SG",,,--,--,--,--,--,--,--,--,--,--,--,--,0.0,0,--,--
865,"Xavier Munford
Mil
SG",,,--,--,--,--,--,--,--,--,--,--,--,--,0.0,0,--,--
866,"Jordan Sibert
Atl
SG",,,--,--,--,--,--,--,--,--,--,--,--,--,0.0,0,--,--
867,"Ian Clark
NO
SG",,,--,--,--,--,--,--,--,--,--,--,--,--,0.0,0,--,--
868,"Scotty Hopson
OKC
SG",,,--,--,--,--,--,--,--,--,--,--,--,--,0.0,0,--,--
869,"P.J. Hairston
Hou
SG",,,--,--,--,--,--,--,--,--,--,--,--,--,0.0,0,--,--
870,"Rodney McGruder
GS
SG",,,--,--,--,--,--,--,--,--,--,--,--,--,0.0,0,--,--
871,"Isaiah Hicks
NY
PF",,,--,--,--,--,--,--,--,--,--,--,--,--,0.0,0,--,--
872,"Cameron McGriff
Por
SF",,,--,--,--,--,--,--,--,--,--,--,--,--,0.0,0,--,--
873,"Adam Mokoka
OKC
SG",,,--,--,--,--,--,--,--,--,--,--,--,--,0.0,0,--,--
874,"Isaiah Taylor
Tor
PG",,,--,--,--,--,--,--,--,--,--,--,--,--,0.0,0,--,--
875,"Isaiah Briscoe
Orl
PG",,,--,--,--,--,--,--,--,--,--,--,--,--,0.0,0,--,--
876,"Chris Chiozza
Bkn
PG",,,--,--,--,--,--,--,--,--,--,--,--,--,0.0,0,--,--
877,"Grant Riller
Phi
PG",,,--,--,--,--,--,--,--,--,--,--,--,--,0.0,0,--,--
878,"Hassani Gravett
Orl
PG",,,--,--,--,--,--,--,--,--,--,--,--,--,0.0,0,--,--
879,"Justin Robinson
Det
PG",,,--,--,--,--,--,--,--,--,--,--,--,--,0.0,0,--,--
880,"Tyrell Terry
Mem
PG",,,--,--,--,--,--,--,--,--,--,--,--,--,0.0,0,--,--
881,"Georgios Kalaitzakis
OKC
PG",,,--,--,--,--,--,--,--,--,--,--,--,--,0.0,0,--,--
882,"Tyrese Martin
Bkn
SF",,,--,--,--,--,--,--,--,--,--,--,--,--,0.0,0,--,--
883,"Jahmi'us Ramsey
FA
SG",,,--,--,--,--,--,--,--,--,--,--,--,--,0.0,0,--,--
884,"Matt Thomas
Chi
SG",,,--,--,--,--,--,--,--,--,--,--,--,--,0.0,0,--,--
885,"Billy Garrett Jr.
NY
SG",,,--,--,--,--,--,--,--,--,--,--,--,--,0.0,0,--,--
886,"Sean Kilpatrick
Chi
SG",,,--,--,--,--,--,--,--,--,--,--,--,--,0.0,0,--,--
887,"Marcus Derrickson
Atl
SF",,,--,--,--,--,--,--,--,--,--,--,--,--,0.0,0,--,--
888,"MJ Walker
Phx
SG",,,--,--,--,--,--,--,--,--,--,--,--,--,0.0,0,--,--
889,"David Michineau
LAC
SG",,,--,--,--,--,--,--,--,--,--,--,--,--,0.0,0,--,--
890,"Marko Simonovic
Chi
C",,,--,--,--,--,--,--,--,--,--,--,--,--,0.0,0,--,--
891,"Arturas Gudaitis
Cle
C",,,--,--,--,--,--,--,--,--,--,--,--,--,0.0,0,--,--
892,"Jemerrio Jones
LAL
SF",,,--,--,--,--,--,--,--,--,--,--,--,--,0.0,0,--,--
893,"Ty-Shon Alexander
Phx
SG",,,--,--,--,--,--,--,--,--,--,--,--,--,0.0,0,--,--
894,"Antonius Cleveland
OKC
SG",,,--,--,--,--,--,--,--,--,--,--,--,--,0.0,0,--,--
895,"KJ McDaniels
OKC
SF",,,--,--,--,--,--,--,--,--,--,--,--,--,0.0,0,--,--
896,"Yante Maten
Bos
PF",,,--,--,--,--,--,--,--,--,--,--,--,--,0.0,0,--,--
897,"Balsa Koprivica
Det
C",,,--,--,--,--,--,--,--,--,--,--,--,--,0.0,0,--,--
898,"Joffrey Lauvergne
SA
C",,,--,--,--,--,--,--,--,--,--,--,--,--,0.0,0,--,--
899,"Mitch McGary
OKC
PF",,,--,--,--,--,--,--,--,--,--,--,--,--,0.0,0,--,--
900,"Matteo Spagnolo
Min
PG",,,--,--,--,--,--,--,--,--,--,--,--,--,0.0,0,--,--
901,"Nathan Mensah
DTD
FA
C",,,--,--,--,--,--,--,--,--,--,--,--,--,0.0,0,--,--
902,"DeJon Jarreau
FA
PG, SG",,,--,--,--,--,--,--,--,--,--,--,--,--,0.0,0,--,--
903,"Brandon Sampson
Chi
SG",,,--,--,--,--,--,--,--,--,--,--,--,--,0.0,0,--,--
904,"Milton Doyle
Chi
SG",,,--,--,--,--,--,--,--,--,--,--,--,--,0.0,0,--,--
905,"Rodney Purvis
Mia
SG",,,--,--,--,--,--,--,--,--,--,--,--,--,0.0,0,--,--
906,"Isaiah Livers
Wsh
PF",,,--,--,--,--,--,--,--,--,--,--,--,--,0.0,0,--,--
907,"Erik McCree
Utah
SF",,,--,--,--,--,--,--,--,--,--,--,--,--,0.0,0,--,--
908,"Daniel Oturu
Tor
C",,,--,--,--,--,--,--,--,--,--,--,--,--,0.0,0,--,--
909,"Donte Grantham
LAC
SF",,,--,--,--,--,--,--,--,--,--,--,--,--,0.0,0,--,--
910,"Dusty Hannahs
Mem
SG",,,--,--,--,--,--,--,--,--,--,--,--,--,0.0,0,--,--
911,"Rokas Jokubaitis
NY
PG",,,--,--,--,--,--,--,--,--,--,--,--,--,0.0,0,--,--
912,"Tyler Bey
Hou
PF",,,--,--,--,--,--,--,--,--,--,--,--,--,0.0,0,--,--
913,"Nico Mannion
GS
PG",,,--,--,--,--,--,--,--,--,--,--,--,--,0.0,0,--,--
914,"RaiQuan Gray
FA
PF",,,--,--,--,--,--,--,--,--,--,--,--,--,0.0,0,--,--
915,"Jared Rhoden
FA
SG",,,--,--,--,--,--,--,--,--,--,--,--,--,0.0,0,--,--
916,"Zach Lofton
Det
SG",,,--,--,--,--,--,--,--,--,--,--,--,--,0.0,0,--,--
917,"Aaron Henry
Phi
SF",,,--,--,--,--,--,--,--,--,--,--,--,--,0.0,0,--,--
918,"Gabriele Procida
Det
SG",,,--,--,--,--,--,--,--,--,--,--,--,--,0.0,0,--,--
919,"Freddie Gillespie
Orl
PF",,,--,--,--,--,--,--,--,--,--,--,--,--,0.0,0,--,--
920,"Nate Darling
LAC
SG",,,--,--,--,--,--,--,--,--,--,--,--,--,0.0,0,--,--
921,"KZ Okpala
Sac
SF",,,--,--,--,--,--,--,--,--,--,--,--,--,0.0,0,--,--
922,"Paul Watson
OKC
SG",,,--,--,--,--,--,--,--,--,--,--,--,--,0.0,0,--,--
923,"Elijah Hughes
Por
SG",,,--,--,--,--,--,--,--,--,--,--,--,--,0.0,0,--,--
924,"Sean McDermott
Mem
SG",,,--,--,--,--,--,--,--,--,--,--,--,--,0.0,0,--,--
925,"Cady Lalanne
SA
C",,,--,--,--,--,--,--,--,--,--,--,--,--,0.0,0,--,--
926,"Mamadi Diakite
FA
PF",,,--,--,--,--,--,--,--,--,--,--,--,--,0.0,0,--,--
927,"Ky Bowman
LAC
PG",,,--,--,--,--,--,--,--,--,--,--,--,--,0.0,0,--,--
928,"Markus Howard
Den
PG",,,--,--,--,--,--,--,--,--,--,--,--,--,0.0,0,--,--
929,"Jason Preston
Utah
PG",,,--,--,--,--,--,--,--,--,--,--,--,--,0.0,0,--,--
930,"Jerome Robinson
FA
SG",,,--,--,--,--,--,--,--,--,--,--,--,--,0.0,0,--,--
931,"Chaundee Brown Jr.
Atl
SG",,,--,--,--,--,--,--,--,--,--,--,--,--,0.0,0,--,--
932,"Sheldon Mac
Cle
SG",,,--,--,--,--,--,--,--,--,--,--,--,--,0.0,0,--,--
933,"Charles Cooke
Mia
SG",,,--,--,--,--,--,--,--,--,--,--,--,--,0.0,0,--,--
934,"Axel Toupane
Mil
SG",,,--,--,--,--,--,--,--,--,--,--,--,--,0.0,0,--,--
935,"Dakota Mathias
Mem
SG",,,--,--,--,--,--,--,--,--,--,--,--,--,0.0,0,--,--
936,"Feron Hunt
NY
PF",,,--,--,--,--,--,--,--,--,--,--,--,--,0.0,0,--,--
937,"Vernon Carey Jr.
Wsh
C",,,--,--,--,--,--,--,--,--,--,--,--,--,0.0,0,--,--
938,"Donta Hall
Orl
PF",,,--,--,--,--,--,--,--,--,--,--,--,--,0.0,0,--,--
939,"Khalifa Diop
Cle
C",,,--,--,--,--,--,--,--,--,--,--,--,--,0.0,0,--,--
940,"Juwan Morgan
LAC
SF",,,--,--,--,--,--,--,--,--,--,--,--,--,0.0,0,--,--
941,"Yannick Nzosa
Wsh
C",,,--,--,--,--,--,--,--,--,--,--,--,--,0.0,0,--,--
942,"Trevor Keels
Min
SG",,,--,--,--,--,--,--,--,--,--,--,--,--,0.0,0,--,--
943,"Jaylen Hoard
OKC
SF",,,--,--,--,--,--,--,--,--,--,--,--,--,0.0,0,--,--
944,"Rawle Alkins
NO
SG",,,--,--,--,--,--,--,--,--,--,--,--,--,0.0,0,--,--
945,"Michael Frazier
Hou
SG",,,--,--,--,--,--,--,--,--,--,--,--,--,0.0,0,--,--
946,"Josh Hall
OKC
SF",,,--,--,--,--,--,--,--,--,--,--,--,--,0.0,0,--,--
947,"Reggie Perry
Por
C",,,--,--,--,--,--,--,--,--,--,--,--,--,0.0,0,--,--
948,"Jalen Lecque
Mil
PG",,,--,--,--,--,--,--,--,--,--,--,--,--,0.0,0,--,--
949,"Jarrell Brantley
Utah
PF",,,--,--,--,--,--,--,--,--,--,--,--,--,0.0,0,--,--
950,"Isaiah Todd
Mem
PF",,,--,--,--,--,--,--,--,--,--,--,--,--,0.0,0,--,--
951,"Emanuel Terry
Phx
PF",,,--,--,--,--,--,--,--,--,--,--,--,--,0.0,0,--,--
952,"Frank Jackson
Utah
PG",,,--,--,--,--,--,--,--,--,--,--,--,--,0.0,0,--,--
953,"Ashton Hagans
Por
PG",,,--,--,--,--,--,--,--,--,--,--,--,--,0.0,0,--,--
954,"Trevelin Queen
Orl
SG",,,--,--,--,--,--,--,--,--,--,--,--,--,0.0,0,--,--
955,"Nate Hinton
FA
SG",,,--,--,--,--,--,--,--,--,--,--,--,--,0.0,0,--,--
956,"Deonte Burton
Sac
SG",,,--,--,--,--,--,--,--,--,--,--,--,--,0.0,0,--,--
957,"Louis King
Phi
PF",,,--,--,--,--,--,--,--,--,--,--,--,--,0.0,0,--,--
958,"Chris Silva
Atl
PF",,,--,--,--,--,--,--,--,--,--,--,--,--,0.0,0,--,--
959,"Leandro Bolmaro
Utah
SG",,,--,--,--,--,--,--,--,--,--,--,--,--,0.0,0,--,--
960,"Issuf Sanon
Wsh
PG",,,--,--,--,--,--,--,--,--,--,--,--,--,0.0,0,--,--
961,"Hugo Besson
Ind
PG",,,--,--,--,--,--,--,--,--,--,--,--,--,0.0,0,--,--
962,"Trevon Duval
Hou
PG",,,--,--,--,--,--,--,--,--,--,--,--,--,0.0,0,--,--
963,"Jalen Harris
NY
SG",,,--,--,--,--,--,--,--,--,--,--,--,--,0.0,0,--,--
964,"Tahjere McCall
Atl
SG",,,--,--,--,--,--,--,--,--,--,--,--,--,0.0,0,--,--
965,"Marcus Georges-Hunt
Bos
SG",,,--,--,--,--,--,--,--,--,--,--,--,--,0.0,0,--,--
966,"Trent Forrest
Atl
SG",,,--,--,--,--,--,--,--,--,--,--,--,--,0.0,0,--,--
967,"Marcus Eriksson
Atl
SG",,,--,--,--,--,--,--,--,--,--,--,--,--,0.0,0,--,--
968,"J.P. Macura
Cle
SG",,,--,--,--,--,--,--,--,--,--,--,--,--,0.0,0,--,--
969,"Marko Guduric
Mem
SG",,,--,--,--,--,--,--,--,--,--,--,--,--,0.0,0,--,--
970,"Brian Bowen II
Min
SG",,,--,--,--,--,--,--,--,--,--,--,--,--,0.0,0,--,--
971,"Cameron Reynolds
Hou
SG",,,--,--,--,--,--,--,--,--,--,--,--,--,0.0,0,--,--
972,"Yves Pons
Mem
SG",,,--,--,--,--,--,--,--,--,--,--,--,--,0.0,0,--,--
973,"Tyler Dorsey
Dal
SG",,,--,--,--,--,--,--,--,--,--,--,--,--,0.0,0,--,--
974,"Brodric Thomas
FA
SG",,,--,--,--,--,--,--,--,--,--,--,--,--,0.0,0,--,--
975,"CJ Elleby
Min
SG",,,--,--,--,--,--,--,--,--,--,--,--,--,0.0,0,--,--
976,"Kelan Martin
NO
SG",,,--,--,--,--,--,--,--,--,--,--,--,--,0.0,0,--,--
977,"Troy Caupain
Por
SG",,,--,--,--,--,--,--,--,--,--,--,--,--,0.0,0,--,--
978,"Aaron Harrison
Dal
SG",,,--,--,--,--,--,--,--,--,--,--,--,--,0.0,0,--,--
979,"Devon Dotson
Wsh
PG",,,--,--,--,--,--,--,--,--,--,--,--,--,0.0,0,--,--
980,"Dereon Seabron
FA
SG",,,--,--,--,--,--,--,--,--,--,--,--,--,0.0,0,--,--
981,"Wayne Selden
Chi
SG",,,--,--,--,--,--,--,--,--,--,--,--,--,0.0,0,--,--
982,"Keenan Evans
Det
SG",,,--,--,--,--,--,--,--,--,--,--,--,--,0.0,0,--,--
983,"Sergey Karasev
Bkn
SG",,,--,--,--,--,--,--,--,--,--,--,--,--,0.0,0,--,--
984,"Tim Quarterman
Hou
SG",,,--,--,--,--,--,--,--,--,--,--,--,--,0.0,0,--,--
985,"Archie Goodwin
Por
SG",,,--,--,--,--,--,--,--,--,--,--,--,--,0.0,0,--,--
986,"Will Magnay
NO
PF",,,--,--,--,--,--,--,--,--,--,--,--,--,0.0,0,--,--
987,"Ismael Kamagate
Por
C",,,--,--,--,--,--,--,--,--,--,--,--,--,0.0,0,--,--
988,"Karim Mane
Orl
SG",,,--,--,--,--,--,--,--,--,--,--,--,--,0.0,0,--,--
989,"Jordan Schakel
Wsh
SF",,,--,--,--,--,--,--,--,--,--,--,--,--,0.0,0,--,--
990,"Scottie Lewis
Cha
SG",,,--,--,--,--,--,--,--,--,--,--,--,--,0.0,0,--,--
991,"Nicolas Brussino
Atl
SG",,,--,--,--,--,--,--,--,--,--,--,--,--,0.0,0,--,--
992,"Daniel Diez
Por
SG",,,--,--,--,--,--,--,--,--,--,--,--,--,0.0,0,--,--
993,"Mychal Mulder
Mem
SG",,,--,--,--,--,--,--,--,--,--,--,--,--,0.0,0,--,--
994,"Cameron Oliver
Atl
PF",,,--,--,--,--,--,--,--,--,--,--,--,--,0.0,0,--,--
995,"Jared Terrell
Min
SG",,,--,--,--,--,--,--,--,--,--,--,--,--,0.0,0,--,--
996,"Trevon Bluiett
Utah
SG",,,--,--,--,--,--,--,--,--,--,--,--,--,0.0,0,--,--
997,"Justinian Jessup
GS
SG",,,--,--,--,--,--,--,--,--,--,--,--,--,0.0,0,--,--
998,"Malcolm Cazalon
FA
SG",,,--,--,--,--,--,--,--,--,--,--,--,--,0.0,0,--,--
999,"RJ Nembhard Jr.
Cle
SG",,,--,--,--,--,--,--,--,--,--,--,--,--,0.0,0,--,--
1000,"Luis Montero
Det
SG",,,--,--,--,--,--,--,--,--,--,--,--,--,0.0,0,--,--
1001,"Daryl Macon
Mia
SG",,,--,--,--,--,--,--,--,--,--,--,--,--,0.0,0,--,--
1002,"Jaylen Morris
SA
SG",,,--,--,--,--,--,--,--,--,--,--,--,--,0.0,0,--,--
1003,"Marcus Garrett
FA
SG",,,--,--,--,--,--,--,--,--,--,--,--,--,0.0,0,--,--
1004,"Isaia Cordinier
Atl
SG",,,--,--,--,--,--,--,--,--,--,--,--,--,0.0,0,--,--
1005,"Malik Newman
Cle
SG",,,--,--,--,--,--,--,--,--,--,--,--,--,0.0,0,--,--
1006,"Cassius Stanley
Det
SG",,,--,--,--,--,--,--,--,--,--,--,--,--,0.0,0,--,--
